idx,cluster_hdbscan,cluster_kmeans
0,11,10
1,3,3
2,17,13
3,13,13
4,12,10
5,29,11
6,29,11
7,-1,5
8,13,2
9,20,12
10,17,13
11,22,11
12,14,12
13,13,2
14,13,2
15,10,0
16,17,13
17,25,1
18,24,0
19,-1,10
20,18,9
21,34,1
22,3,3
23,23,11
24,10,0
25,7,7
26,14,5
27,7,7
28,32,1
29,17,13
30,24,0
31,14,10
32,1,7
33,13,3
34,-1,2
35,31,10
36,17,13
37,17,13
38,0,14
39,-1,9
40,9,13
41,-1,3
42,13,2
43,3,11
44,-1,0
45,5,9
46,-1,12
47,23,11
48,13,14
49,33,1
50,13,2
51,11,10
52,14,12
53,17,7
54,-1,7
55,17,5
56,19,11
57,13,12
58,24,12
59,8,12
60,8,12
61,17,13
62,-1,12
63,17,5
64,23,11
65,28,0
66,22,8
67,14,2
68,13,3
69,29,11
70,17,13
71,17,13
72,13,3
73,23,11
74,-1,1
75,11,10
76,29,11
77,26,8
78,30,1
79,-1,5
80,11,10
81,31,10
82,-1,10
83,-1,0
84,30,1
85,32,1
86,-1,7
87,30,9
88,32,1
89,-1,0
90,17,13
91,32,1
92,31,1
93,30,1
94,-1,1
95,-1,9
96,3,3
97,23,11
98,34,1
99,12,2
100,30,1
101,9,14
102,9,14
103,3,3
104,24,0
105,14,5
106,35,1
107,9,14
108,35,1
109,34,1
110,17,5
111,1,9
112,5,12
113,-1,1
114,6,6
115,19,8
116,23,11
117,23,11
118,17,13
119,1,7
120,20,12
121,-1,5
122,14,5
123,25,4
124,18,9
125,-1,8
126,17,13
127,-1,7
128,1,3
129,-1,8
130,17,5
131,2,10
132,14,2
133,20,12
134,17,12
135,13,3
136,7,0
137,24,7
138,15,9
139,20,12
140,11,9
141,11,10
142,13,13
143,-1,10
144,17,13
145,32,1
146,14,2
147,12,10
148,31,1
149,30,1
150,11,10
151,13,2
152,31,1
153,12,10
154,-1,1
155,11,10
156,-1,10
157,12,10
158,21,7
159,7,7
160,17,13
161,24,0
162,30,1
163,24,0
164,-1,10
165,21,7
166,34,12
167,24,1
168,24,0
169,11,10
170,17,12
171,17,13
172,17,13
173,11,10
174,14,5
175,21,1
176,11,10
177,20,12
178,11,10
179,-1,9
180,2,10
181,11,10
182,11,10
183,34,1
184,-1,5
185,9,13
186,8,7
187,9,12
188,17,13
189,31,1
190,1,10
191,17,12
192,20,12
193,11,10
194,25,1
195,26,0
196,21,1
197,1,3
198,17,5
199,22,11
200,11,10
201,29,11
202,5,9
203,-1,8
204,1,12
205,1,7
206,-1,1
207,11,10
208,12,10
209,-1,1
210,-1,5
211,12,10
212,17,5
213,17,13
214,19,11
215,22,11
216,20,4
217,-1,14
218,28,0
219,20,12
220,22,8
221,13,14
222,-1,10
223,1,7
224,23,11
225,31,12
226,30,9
227,24,0
228,30,4
229,14,9
230,23,11
231,23,11
232,1,7
233,4,5
234,17,5
235,14,5
236,5,4
237,-1,5
238,9,14
239,-1,7
240,-1,14
241,15,4
242,23,11
243,12,10
244,24,11
245,23,11
246,0,4
247,-1,7
248,-1,10
249,16,5
250,14,5
251,32,1
252,0,4
253,1,3
254,13,2
255,22,8
256,-1,4
257,13,2
258,17,5
259,9,5
260,-1,3
261,11,10
262,17,13
263,3,3
264,5,8
265,8,7
266,-1,3
267,-1,7
268,11,10
269,11,10
270,5,4
271,11,10
272,11,3
273,11,10
274,-1,0
275,19,11
276,30,9
277,12,9
278,11,10
279,13,14
280,28,0
281,7,8
282,-1,8
283,30,1
284,13,2
285,29,12
286,13,2
287,24,0
288,30,9
289,13,2
290,-1,8
291,28,0
292,17,13
293,29,11
294,13,2
295,23,11
296,13,2
297,13,2
298,26,8
299,-1,9
300,31,1
301,20,12
302,30,4
303,-1,5
304,-1,9
305,31,10
306,-1,11
307,14,2
308,17,5
309,11,10
310,11,9
311,31,1
312,14,12
313,13,2
314,-1,2
315,32,1
316,11,10
317,9,14
318,-1,7
319,-1,14
320,17,5
321,27,9
322,-1,7
323,32,1
324,1,7
325,14,5
326,8,12
327,22,11
328,-1,10
329,31,1
330,9,14
331,-1,1
332,24,0
333,-1,1
334,-1,1
335,17,13
336,13,2
337,29,11
338,24,0
339,-1,10
340,11,10
341,12,10
342,9,9
343,31,3
344,-1,8
345,9,14
346,17,5
347,13,14
348,-1,1
349,32,1
350,31,10
351,19,8
352,9,14
353,35,1
354,3,11
355,18,5
356,17,13
357,17,5
358,35,1
359,4,5
360,13,2
361,24,14
362,-1,8
363,8,12
364,-1,10
365,17,5
366,17,13
367,6,6
368,35,1
369,31,12
370,18,9
371,13,2
372,28,0
373,23,11
374,9,13
375,17,13
376,20,12
377,-1,13
378,13,2
379,2,8
380,16,5
381,9,14
382,-1,5
383,13,2
384,17,13
385,-1,12
386,-1,8
387,21,10
388,14,2
389,17,5
390,-1,8
391,-1,8
392,-1,7
393,2,10
394,15,9
395,-1,12
396,17,5
397,15,9
398,22,8
399,-1,8
400,11,10
401,-1,7
402,11,10
403,26,8
404,-1,10
405,13,2
406,11,10
407,-1,8
408,-1,13
409,13,2
410,24,0
411,17,13
412,7,0
413,17,5
414,14,12
415,-1,10
416,23,11
417,15,9
418,7,0
419,34,1
420,17,13
421,17,13
422,12,10
423,17,13
424,17,5
425,17,13
426,18,13
427,0,14
428,31,1
429,-1,4
430,12,10
431,-1,1
432,23,11
433,16,5
434,9,14
435,8,10
436,12,10
437,20,9
438,-1,11
439,28,0
440,12,10
441,12,10
442,22,8
443,17,13
444,11,10
445,12,10
446,17,13
447,7,0
448,9,14
449,8,12
450,13,2
451,30,1
452,25,1
453,11,10
454,17,13
455,16,5
456,20,12
457,24,0
458,17,12
459,-1,0
460,21,1
461,34,1
462,34,1
463,12,10
464,12,10
465,21,7
466,-1,1
467,-1,1
468,17,13
469,-1,10
470,11,10
471,13,2
472,12,10
473,-1,12
474,-1,1
475,17,13
476,14,5
477,17,13
478,28,0
479,2,10
480,-1,11
481,17,5
482,-1,9
483,34,1
484,-1,14
485,17,13
486,30,1
487,26,0
488,8,9
489,-1,4
490,31,1
491,17,5
492,-1,0
493,17,13
494,24,0
495,25,9
496,-1,8
497,23,11
498,8,12
499,29,11
500,23,11
501,13,2
502,14,2
503,11,10
504,13,10
505,14,5
506,17,5
507,22,8
508,-1,5
509,17,5
510,26,0
511,22,11
512,21,7
513,13,5
514,9,14
515,-1,2
516,-1,1
517,19,8
518,26,0
519,9,9
520,8,9
521,-1,8
522,14,5
523,9,14
524,24,11
525,13,2
526,3,3
527,6,3
528,10,0
529,4,5
530,23,11
531,23,11
532,5,12
533,14,5
534,10,0
535,7,8
536,13,2
537,22,8
538,20,12
539,0,14
540,-1,7
541,13,2
542,9,14
543,20,12
544,17,5
545,-1,5
546,9,4
547,-1,3
548,13,2
549,14,5
550,5,5
551,8,6
552,27,1
553,22,8
554,19,11
555,30,1
556,6,6
557,13,3
558,13,3
559,24,0
560,13,3
561,-1,8
562,6,6
563,24,11
564,2,0
565,13,2
566,10,0
567,-1,1
568,24,1
569,14,8
570,13,2
571,27,9
572,-1,1
573,7,0
574,9,14
575,-1,1
576,-1,1
577,1,7
578,33,1
579,9,14
580,8,7
581,14,5
582,-1,5
583,-1,11
584,30,1
585,-1,10
586,7,0
587,17,7
588,24,0
589,18,5
590,24,0
591,24,0
592,9,14
593,-1,1
594,-1,11
595,9,14
596,-1,1
597,-1,1
598,21,1
599,3,11
600,9,14
601,-1,0
602,32,1
603,-1,1
604,-1,5
605,8,2
606,4,5
607,18,5
608,6,6
609,10,0
610,8,7
611,24,0
612,-1,9
613,32,1
614,21,7
615,-1,9
616,28,0
617,6,6
618,-1,1
619,2,9
620,13,2
621,14,2
622,14,5
623,9,13
624,14,5
625,12,9
626,-1,0
627,23,10
628,17,5
629,14,5
630,24,1
631,14,5
632,32,0
633,13,5
634,2,8
635,10,0
636,23,11
637,2,7
638,-1,9
639,26,8
640,-1,9
641,22,8
642,-1,1
643,17,5
644,-1,3
645,17,5
646,-1,7
647,17,5
648,5,9
649,5,9
650,-1,14
651,13,2
652,13,2
653,14,3
654,17,5
655,15,9
656,-1,7
657,17,5
658,22,8
659,-1,2
660,28,0
661,4,3
662,22,8
663,-1,5
664,17,5
665,13,2
666,-1,0
667,-1,7
668,13,2
669,-1,0
670,-1,7
671,-1,5
672,11,9
673,-1,0
674,-1,8
675,7,0
676,13,5
677,14,5
678,13,3
679,17,5
680,14,5
681,17,5
682,-1,3
683,15,12
684,13,14
685,13,2
686,-1,8
687,11,9
688,6,6
689,11,9
690,-1,0
691,26,8
692,-1,9
693,18,5
694,30,1
695,10,0
696,14,14
697,17,5
698,14,2
699,0,14
700,17,5
701,26,8
702,-1,0
703,17,5
704,10,0
705,0,14
706,-1,9
707,24,0
708,-1,9
709,-1,4
710,30,1
711,8,4
712,20,9
713,-1,11
714,30,1
715,24,0
716,1,7
717,17,5
718,0,6
719,8,7
720,26,8
721,-1,2
722,-1,11
723,19,11
724,30,1
725,20,6
726,1,7
727,-1,7
728,24,0
729,17,4
730,-1,7
731,8,4
732,14,5
733,21,1
734,21,1
735,17,5
736,6,6
737,30,1
738,30,1
739,24,0
740,14,5
741,30,1
742,24,0
743,9,14
744,8,7
745,24,0
746,24,0
747,14,5
748,24,0
749,30,1
750,17,13
751,20,1
752,24,1
753,21,7
754,6,6
755,24,0
756,-1,1
757,24,0
758,31,1
759,24,8
760,17,5
761,12,10
762,-1,0
763,17,5
764,17,5
765,12,9
766,17,5
767,17,13
768,10,0
769,21,7
770,17,5
771,-1,7
772,6,6
773,-1,14
774,-1,7
775,13,2
776,12,10
777,17,5
778,10,6
779,21,1
780,0,4
781,7,7
782,14,5
783,17,13
784,26,0
785,30,1
786,-1,4
787,-1,0
788,26,0
789,14,5
790,8,9
791,17,14
792,-1,1
793,6,6
794,1,7
795,27,9
796,17,12
797,27,9
798,8,4
799,9,7
800,17,5
801,14,5
802,0,14
803,21,7
804,-1,9
805,14,5
806,8,4
807,-1,6
808,26,8
809,26,8
810,13,2
811,7,7
812,14,5
813,12,10
814,-1,1
815,17,5
816,-1,5
817,0,4
818,31,4
819,-1,4
820,25,1
821,27,9
822,15,12
823,20,12
824,5,9
825,13,2
826,1,7
827,27,4
828,18,5
829,30,1
830,-1,1
831,22,8
832,-1,4
833,24,0
834,23,11
835,14,2
836,-1,3
837,30,1
838,22,8
839,13,3
840,11,4
841,13,3
842,13,3
843,11,7
844,27,1
845,30,1
846,32,1
847,9,14
848,3,11
849,35,1
850,10,8
851,2,8
852,30,10
853,-1,8
854,3,3
855,11,9
856,3,3
857,-1,8
858,-1,11
859,30,9
860,-1,14
861,8,7
862,17,5
863,-1,1
864,19,3
865,-1,1
866,-1,11
867,17,5
868,17,14
869,-1,14
870,12,10
871,1,3
872,14,2
873,14,5
874,14,5
875,21,9
876,-1,12
877,-1,9
878,25,12
879,-1,1
880,34,1
881,20,12
882,21,1
883,30,1
884,32,1
885,-1,1
886,30,1
887,20,12
888,34,12
889,34,1
890,33,12
891,15,12
892,13,3
893,34,1
894,20,12
895,31,1
896,-1,1
897,33,1
898,-1,9
899,31,10
900,34,1
901,31,1
902,-1,1
903,34,1
904,-1,1
905,27,9
906,-1,1
907,1,7
908,33,12
909,-1,1
910,-1,1
911,34,1
912,30,9
913,30,1
914,-1,10
915,32,1
916,-1,1
917,9,12
918,-1,1
919,-1,1
920,30,1
921,34,1
922,-1,4
923,34,1
924,-1,7
925,31,3
926,31,1
927,34,1
928,24,12
929,-1,1
930,27,1
931,-1,1
932,31,10
933,-1,1
934,35,1
935,32,1
936,-1,1
937,34,1
938,-1,1
939,33,1
940,35,1
941,9,1
942,31,1
943,34,1
944,31,1
945,34,1
946,35,1
947,30,1
948,31,1
949,5,9
950,-1,12
951,6,6
952,-1,1
953,30,1
954,30,1
955,31,1
956,-1,12
957,-1,1
958,30,1
959,35,1
960,30,1
961,-1,1
962,2,9
963,-1,1
964,32,1
965,31,12
966,30,9
967,21,7
968,33,1
969,30,1
970,5,12
971,31,1
972,30,1
973,21,10
974,34,1
975,34,1
976,25,10
977,-1,12
978,30,9
979,31,1
980,15,12
981,31,4
982,31,1
983,32,1
984,35,1
985,33,1
986,20,12
987,33,1
988,25,1
989,33,1
990,30,9
991,30,1
992,30,9
993,-1,9
994,-1,9
995,30,1
996,-1,12
997,34,1
998,31,1
999,34,1
1000,34,1
1001,33,1
1002,-1,9
1003,31,12
1004,12,10
1005,31,1
1006,-1,1
1007,20,12
1008,35,1
1009,31,1
1010,-1,1
1011,31,1
1012,24,1
1013,33,1
1014,-1,1
1015,34,1
1016,34,1
1017,34,1
1018,33,1
1019,20,12
1020,33,1
1021,35,1
1022,-1,1
1023,35,1
1024,30,1
1025,27,1
1026,34,1
1027,21,7
1028,34,1
1029,27,4
1030,-1,10
1031,-1,1
1032,24,0
1033,21,7
1034,30,1
1035,35,1
1036,33,1
1037,30,1
1038,21,1
1039,35,1
1040,33,1
1041,30,1
1042,-1,1
1043,32,1
1044,6,6
1045,-1,1
1046,33,12
1047,-1,12
1048,30,1
1049,30,1
1050,27,12
1051,30,1
1052,21,7
1053,1,7
1054,21,1
1055,34,1
1056,-1,12
1057,30,1
1058,-1,9
1059,17,5
1060,13,2
1061,4,5
1062,3,8
1063,-1,3
1064,-1,3
1065,13,2
1066,17,5
1067,5,12
1069,3,3
1070,18,9
1071,27,9
1072,23,11
1073,30,1
1075,27,9
1077,-1,4
1078,11,3
1080,5,9
1084,14,2
1087,14,5
1088,9,14
1089,24,7
1090,17,13
1091,5,5
1092,-1,3
1094,-1,4
1095,27,1
1097,24,12
1099,11,10
1100,23,11
1101,8,12
1103,19,11
1104,23,11
1105,30,9
1106,31,1
1108,-1,4
1110,14,8
1111,11,10
1112,31,1
1113,-1,9
1114,32,1
1115,9,1
1116,9,14
1118,-1,0
1119,-1,10
1120,-1,1
1121,-1,10
1122,13,5
1123,-1,11
1124,12,10
1125,12,10
1126,24,11
1127,24,0
1128,32,1
1129,9,14
1130,2,8
1131,9,14
1132,31,1
1133,21,10
1134,17,5
1135,4,5
1136,14,5
1138,23,11
1139,35,1
1140,17,13
1141,32,1
1142,14,5
1143,4,5
1144,9,13
1145,-1,5
1146,12,9
1147,-1,8
1148,-1,5
1149,-1,7
1150,-1,5
1151,32,1
1152,21,7
1153,31,1
1154,19,8
1156,16,5
1157,16,5
1158,-1,10
1159,31,1
1160,17,5
1161,-1,3
1162,10,0
1163,12,4
1164,14,2
1165,32,1
1166,15,9
1167,17,5
1168,11,9
1169,-1,5
1170,14,5
1171,18,9
1172,13,5
1173,13,3
1174,3,3
1175,5,9
1176,18,9
1177,11,10
1178,-1,8
1179,17,5
1180,11,9
1181,13,3
1182,7,0
1183,-1,3
1184,13,2
1185,-1,8
1187,14,5
1188,18,5
1189,13,2
1190,0,14
1191,12,10
1192,29,11
1193,-1,11
1194,24,0
1195,16,5
1196,13,2
1197,13,3
1198,-1,10
1199,9,14
1200,-1,10
1201,27,9
1202,17,4
1203,19,11
1204,34,12
1205,24,0
1206,24,0
1207,34,1
1208,24,0
1209,8,4
1210,12,10
1211,17,2
1212,-1,10
1213,-1,5
1214,11,3
1215,17,4
1216,2,9
1217,11,10
1218,-1,10
1219,26,0
1220,17,14
1221,31,1
1222,31,1
1223,17,5
1224,13,2
1225,25,10
1226,-1,0
1227,5,4
1228,14,5
1229,23,11
1230,17,5
1231,1,7
1232,11,10
1233,17,5
1234,-1,3
1235,30,1
1236,-1,5
1237,-1,3
1238,17,5
1239,22,8
1240,13,2
1241,29,0
1242,24,0
1243,7,4
1244,17,13
1245,21,4
1246,13,2
1247,5,4
1248,2,9
1249,34,1
1250,25,9
1251,23,11
1252,9,14
1253,8,9
1254,13,2
1255,4,5
1256,-1,4
1257,23,11
1258,7,4
1259,13,5
1260,14,5
1261,5,4
1262,13,14
1263,31,10
1264,17,5
1265,-1,2
1266,23,11
1267,23,11
1268,18,9
1269,12,4
1270,23,11
1271,-1,10
1272,-1,12
1273,14,5
1274,13,2
1275,22,8
1276,13,2
1277,0,14
1278,23,11
1279,9,5
1280,13,2
1281,24,0
1282,13,2
1283,-1,4
1284,17,5
1285,-1,7
1286,3,8
1287,5,13
1288,1,7
1289,-1,11
1290,13,2
1291,5,12
1292,-1,3
1293,-1,8
1294,11,10
1295,-1,3
1296,11,10
1297,11,10
1298,5,4
1299,19,11
1300,20,12
1301,28,0
1302,7,4
1303,12,10
1304,13,2
1305,14,12
1306,2,9
1307,-1,2
1308,8,12
1309,13,2
1310,20,4
1311,24,0
1312,27,1
1313,23,11
1314,29,11
1315,-1,7
1316,-1,11
1317,-1,1
1318,11,10
1319,31,1
1320,24,11
1321,31,1
1322,17,5
1323,13,14
1324,-1,1
1325,-1,9
1326,33,12
1327,1,7
1328,8,7
1329,-1,4
1330,-1,1
1331,-1,1
1332,-1,1
1333,-1,12
1334,-1,14
1335,31,1
1336,-1,11
1337,24,0
1338,24,0
1339,23,11
1340,12,10
1341,31,1
1342,24,11
1343,-1,10
1344,35,1
1345,-1,1
1346,-1,0
1347,34,1
1348,24,11
1349,3,11
1350,-1,1
1351,28,8
1352,32,1
1353,8,7
1354,9,14
1355,35,1
1356,17,13
1357,-1,11
1358,13,3
1359,4,5
1360,35,1
1361,12,10
1362,4,5
1363,8,12
1364,17,5
1365,21,7
1366,-1,0
1367,23,11
1368,18,12
1369,17,13
1370,-1,7
1371,-1,8
1372,13,5
1373,2,8
1374,-1,1
1375,13,2
1376,9,14
1377,11,10
1378,14,5
1379,-1,8
1380,23,11
1381,-1,7
1382,17,5
1383,23,11
1384,5,12
1385,11,12
1386,13,2
1387,2,9
1388,17,13
1389,15,12
1390,1,7
1391,17,13
1392,15,9
1393,-1,4
1394,3,11
1395,13,2
1396,13,2
1397,18,9
1398,15,12
1399,-1,7
1400,-1,8
1401,11,9
1402,13,2
1403,17,13
1404,-1,3
1405,20,12
1406,33,1
1407,13,3
1408,17,13
1409,-1,1
1410,23,11
1411,1,7
1412,0,14
1413,17,13
1414,-1,13
1415,17,5
1416,17,13
1417,17,13
1418,29,11
1419,0,14
1420,12,2
1421,-1,2
1422,31,14
1423,23,11
1424,26,0
1425,16,5
1426,13,14
1427,24,0
1428,27,1
1429,12,10
1430,24,0
1431,17,14
1432,16,5
1433,24,1
1434,21,7
1435,1,7
1436,6,6
1437,-1,1
1438,17,12
1439,-1,1
1440,17,5
1441,7,0
1442,20,12
1443,24,0
1444,21,1
1445,16,5
1446,-1,2
1447,30,1
1448,-1,10
1449,14,5
1450,34,1
1451,8,7
1452,34,1
1453,17,5
1454,27,9
1455,14,5
1456,0,6
1457,-1,0
1458,17,13
1459,30,1
1460,-1,12
1461,5,7
1462,21,7
1463,-1,0
1464,13,2
1465,17,13
1466,14,2
1467,18,4
1468,25,1
1469,-1,4
1470,17,5
1471,13,2
1472,14,2
1473,14,5
1474,28,0
1475,30,1
1476,13,2
1477,31,10
1478,-1,5
1479,-1,13
1480,17,13
1481,17,5
1482,27,1
1483,-1,10
1484,7,7
1485,24,0
1486,7,7
1487,8,7
1488,13,2
1489,13,8
1490,17,13
1491,15,12
1492,17,13
1493,-1,1
1494,23,11
1495,16,5
1496,13,14
1497,-1,8
1498,9,14
1499,-1,4
1500,15,12
1501,17,13
1502,31,1
1503,13,2
1504,-1,5
1505,-1,4
1506,-1,4
1507,20,12
1508,5,13
1509,17,13
1510,-1,10
1511,28,0
1512,-1,3
1513,17,4
1514,19,11
1515,-1,11
1516,13,2
1517,12,10
1518,29,11
1519,13,2
1520,-1,7
1521,16,5
1522,24,12
1523,22,8
1524,23,11
1525,5,9
1526,-1,9
1527,23,11
1528,20,4
1529,-1,5
1530,5,12
1531,10,0
1532,-1,1
1533,31,1
1534,17,5
1535,33,1
1536,4,2
1537,31,1
1538,34,1
1539,-1,11
1540,9,14
1541,9,14
1542,13,2
1543,-1,12
1544,28,0
1545,-1,11
1546,-1,12
1547,28,0
1548,9,14
1549,-1,12
1550,-1,1
1551,17,13
1552,17,5
1553,24,0
1554,-1,11
1555,-1,12
1556,8,10
1557,-1,8
1558,9,14
1559,4,13
1560,17,13
1561,31,1
1562,30,1
1563,22,11
1564,28,0
1565,16,5
1566,23,11
1567,28,0
1568,-1,1
1569,30,1
1570,-1,5
1571,-1,12
1572,2,8
1573,11,9
1574,17,13
1575,9,13
1576,17,13
1577,17,13
1578,11,12
1579,17,13
1580,-1,9
1581,24,11
1582,2,12
1583,17,13
1584,13,2
1585,7,4
1586,13,2
1587,17,13
1588,14,2
1589,14,5
1590,19,8
1591,4,9
1592,-1,12
1593,15,12
1594,14,5
1595,13,2
1596,-1,0
1597,15,12
1598,13,5
1599,28,0
1600,23,11
1601,17,13
1602,18,5
1603,34,12
1604,18,5
1605,17,13
1606,-1,10
1607,22,11
1608,14,5
1609,-1,9
1610,-1,12
1611,17,13
1612,25,10
1613,-1,9
1614,21,7
1615,6,6
1616,20,12
1617,13,2
1618,20,12
1619,21,1
1620,24,0
1621,34,1
1622,20,12
1623,17,13
1624,20,12
1625,17,5
1626,17,2
1627,20,1
1628,7,0
1629,28,0
1630,1,12
1631,-1,1
1632,30,1
1633,17,13
1634,35,1
1635,-1,14
1636,33,1
1637,-1,13
1638,-1,1
1639,16,5
1640,26,0
1641,14,5
1642,17,13
1643,32,1
1644,20,4
1645,-1,12
1646,-1,0
1647,17,13
1648,23,11
1649,26,8
1650,9,14
1651,13,2
1652,23,11
1653,-1,4
1654,24,8
1655,5,5
1656,-1,1
1657,5,12
1658,-1,8
1659,-1,7
1660,29,12
1661,-1,8
1662,-1,8
1663,-1,13
1664,17,13
1665,0,14
1666,13,9
1667,25,4
1668,7,0
1669,-1,0
1670,-1,3
1671,13,14
1672,22,8
1673,21,7
1674,1,3
1675,15,9
1676,7,4
1677,3,11
1678,24,12
1679,13,2
1680,24,11
1681,13,14
1682,28,8
1683,28,0
1684,12,3
1685,26,8
1686,23,11
1687,-1,9
1688,1,7
1689,25,1
1690,18,9
1691,18,9
1692,-1,0
1693,20,12
1694,17,13
1695,19,8
1696,11,10
1697,32,1
1698,34,1
1699,9,14
1700,29,0
1701,27,4
1702,23,11
1703,-1,12
1704,17,5
1705,27,9
1706,24,11
1707,17,13
1708,30,10
1709,13,2
1710,-1,10
1711,27,12
1712,30,1
1713,35,1
1714,3,3
1715,9,4
1716,17,13
1717,34,1
1718,30,1
1719,9,14
1720,34,1
1721,1,7
1722,9,14
1723,34,1
1724,3,3
1725,17,13
1726,14,5
1727,4,13
1728,10,12
1729,30,1
1730,30,4
1731,28,0
1732,-1,5
1733,32,1
1734,18,5
1735,28,12
1736,35,1
1737,-1,12
1738,24,0
1739,17,5
1740,17,13
1741,6,6
1742,5,12
1743,14,5
1744,17,5
1745,28,0
1746,2,9
1747,8,10
1748,9,13
1749,14,14
1750,21,7
1751,23,11
1752,22,8
1753,28,12
1754,28,8
1755,2,9
1756,-1,7
1757,12,10
1758,-1,9
1759,17,13
1760,17,13
1761,16,5
1762,14,5
1763,17,5
1764,17,13
1765,-1,11
1766,-1,7
1767,5,10
1768,17,13
1769,30,1
1770,2,9
1771,17,5
1772,32,1
1773,14,13
1774,-1,8
1775,22,8
1776,15,9
1777,13,2
1778,17,13
1779,1,7
1780,4,5
1781,-1,8
1782,-1,0
1783,11,9
1784,5,12
1785,32,4
1786,14,9
1787,-1,12
1788,22,8
1789,13,2
1790,-1,12
1791,17,5
1792,7,0
1793,23,11
1794,23,11
1795,-1,0
1796,17,13
1797,-1,4
1798,4,5
1799,22,8
1800,-1,8
1801,22,8
1802,30,1
1803,-1,3
1804,20,12
1805,-1,1
1806,12,2
1807,-1,13
1808,34,1
1809,14,2
1810,-1,14
1811,30,9
1812,17,13
1813,30,8
1814,-1,12
1815,-1,14
1816,13,14
1817,20,9
1818,16,5
1819,1,9
1820,20,1
1821,7,0
1822,7,8
1823,16,5
1824,9,14
1825,12,10
1826,17,4
1827,11,9
1828,-1,4
1829,25,9
1830,11,10
1831,1,12
1832,17,13
1833,12,10
1834,23,11
1835,-1,10
1836,17,13
1837,-1,1
1838,35,1
1839,24,0
1840,12,10
1841,13,3
1842,6,6
1843,-1,10
1844,12,10
1845,17,5
1846,24,0
1847,17,13
1848,17,13
1849,24,0
1850,6,6
1851,31,10
1852,17,13
1853,17,5
1854,28,0
1855,-1,9
1856,11,10
1857,11,10
1858,21,7
1859,2,10
1860,1,7
1861,-1,5
1862,8,12
1863,30,1
1864,30,1
1865,-1,4
1866,33,1
1867,34,1
1868,0,6
1869,-1,10
1870,5,4
1871,17,12
1872,-1,0
1873,22,8
1874,14,5
1875,1,14
1876,12,10
