limite_alta,limite_media,controles_ja_checado,controles_relacionada,controles_mostrados,reescritas_top3,reescritas_mostradas,confirmados_ja_checado,negacao_ja_checado
0.6,0.4,19,13,32,0.7083,0.7083,11,4
0.6,0.41,19,13,32,0.7083,0.7083,11,4
0.6,0.42,19,13,32,0.7083,0.7083,11,4
0.6,0.43,19,13,32,0.7083,0.7083,11,4
0.6,0.44,19,13,32,0.7083,0.7083,11,4
0.6,0.45,19,13,32,0.7083,0.7083,11,4
0.6,0.46,19,13,32,0.7083,0.7083,11,4
0.6,0.47,19,13,32,0.7083,0.7083,11,4
0.6,0.48,19,13,32,0.7083,0.7083,11,4
0.6,0.49,19,12,31,0.7083,0.7083,11,4
0.6,0.5,19,12,31,0.7083,0.7083,11,4
0.6,0.51,19,11,30,0.7083,0.6667,11,4
0.6,0.52,19,9,28,0.7083,0.6667,11,4
0.6,0.53,19,9,28,0.7083,0.6667,11,4
0.6,0.54,19,7,26,0.7083,0.6667,11,4
0.6,0.55,19,6,25,0.7083,0.6667,11,4
0.6,0.56,19,6,25,0.7083,0.6667,11,4
0.6,0.57,19,3,22,0.7083,0.625,11,4
0.6,0.58,19,2,21,0.7083,0.625,11,4
0.6,0.59,19,2,21,0.7083,0.5833,11,4
0.6,0.6,19,1,20,0.7083,0.5417,11,4
0.61,0.4,18,14,32,0.7083,0.7083,11,4
0.61,0.41,18,14,32,0.7083,0.7083,11,4
0.61,0.42,18,14,32,0.7083,0.7083,11,4
0.61,0.43,18,14,32,0.7083,0.7083,11,4
0.61,0.44,18,14,32,0.7083,0.7083,11,4
0.61,0.45,18,14,32,0.7083,0.7083,11,4
0.61,0.46,18,14,32,0.7083,0.7083,11,4
0.61,0.47,18,14,32,0.7083,0.7083,11,4
0.61,0.48,18,14,32,0.7083,0.7083,11,4
0.61,0.49,18,13,31,0.7083,0.7083,11,4
0.61,0.5,18,13,31,0.7083,0.7083,11,4
0.61,0.51,18,12,30,0.7083,0.6667,11,4
0.61,0.52,18,10,28,0.7083,0.6667,11,4
0.61,0.53,18,10,28,0.7083,0.6667,11,4
0.61,0.54,18,8,26,0.7083,0.6667,11,4
0.61,0.55,18,7,25,0.7083,0.6667,11,4
0.61,0.56,18,7,25,0.7083,0.6667,11,4
0.61,0.57,18,4,22,0.7083,0.625,11,4
0.61,0.58,18,3,21,0.7083,0.625,11,4
0.61,0.59,18,3,21,0.7083,0.5833,11,4
0.61,0.6,18,2,20,0.7083,0.5417,11,4
0.61,0.61,18,1,19,0.7083,0.5417,11,4
0.62,0.4,18,14,32,0.7083,0.7083,11,4
0.62,0.41,18,14,32,0.7083,0.7083,11,4
0.62,0.42,18,14,32,0.7083,0.7083,11,4
0.62,0.43,18,14,32,0.7083,0.7083,11,4
0.62,0.44,18,14,32,0.7083,0.7083,11,4
0.62,0.45,18,14,32,0.7083,0.7083,11,4
0.62,0.46,18,14,32,0.7083,0.7083,11,4
0.62,0.47,18,14,32,0.7083,0.7083,11,4
0.62,0.48,18,14,32,0.7083,0.7083,11,4
0.62,0.49,18,13,31,0.7083,0.7083,11,4
0.62,0.5,18,13,31,0.7083,0.7083,11,4
0.62,0.51,18,12,30,0.7083,0.6667,11,4
0.62,0.52,18,10,28,0.7083,0.6667,11,4
0.62,0.53,18,10,28,0.7083,0.6667,11,4
0.62,0.54,18,8,26,0.7083,0.6667,11,4
0.62,0.55,18,7,25,0.7083,0.6667,11,4
0.62,0.56,18,7,25,0.7083,0.6667,11,4
0.62,0.57,18,4,22,0.7083,0.625,11,4
0.62,0.58,18,3,21,0.7083,0.625,11,4
0.62,0.59,18,3,21,0.7083,0.5833,11,4
0.62,0.6,18,2,20,0.7083,0.5417,11,4
0.62,0.61,18,1,19,0.7083,0.5417,11,4
0.62,0.62,18,1,19,0.7083,0.5417,11,4
0.63,0.4,16,16,32,0.7083,0.7083,11,4
0.63,0.41,16,16,32,0.7083,0.7083,11,4
0.63,0.42,16,16,32,0.7083,0.7083,11,4
0.63,0.43,16,16,32,0.7083,0.7083,11,4
0.63,0.44,16,16,32,0.7083,0.7083,11,4
0.63,0.45,16,16,32,0.7083,0.7083,11,4
0.63,0.46,16,16,32,0.7083,0.7083,11,4
0.63,0.47,16,16,32,0.7083,0.7083,11,4
0.63,0.48,16,16,32,0.7083,0.7083,11,4
0.63,0.49,16,15,31,0.7083,0.7083,11,4
0.63,0.5,16,15,31,0.7083,0.7083,11,4
0.63,0.51,16,14,30,0.7083,0.6667,11,4
0.63,0.52,16,12,28,0.7083,0.6667,11,4
0.63,0.53,16,12,28,0.7083,0.6667,11,4
0.63,0.54,16,10,26,0.7083,0.6667,11,4
0.63,0.55,16,9,25,0.7083,0.6667,11,4
0.63,0.56,16,9,25,0.7083,0.6667,11,4
0.63,0.57,16,6,22,0.7083,0.625,11,4
0.63,0.58,16,5,21,0.7083,0.625,11,4
0.63,0.59,16,5,21,0.7083,0.5833,11,4
0.63,0.6,16,4,20,0.7083,0.5417,11,4
0.63,0.61,16,3,19,0.7083,0.5417,11,4
0.63,0.62,16,3,19,0.7083,0.5417,11,4
0.63,0.63,16,1,17,0.7083,0.5,11,4
0.64,0.4,16,16,32,0.7083,0.7083,11,4
0.64,0.41,16,16,32,0.7083,0.7083,11,4
0.64,0.42,16,16,32,0.7083,0.7083,11,4
0.64,0.43,16,16,32,0.7083,0.7083,11,4
0.64,0.44,16,16,32,0.7083,0.7083,11,4
0.64,0.45,16,16,32,0.7083,0.7083,11,4
0.64,0.46,16,16,32,0.7083,0.7083,11,4
0.64,0.47,16,16,32,0.7083,0.7083,11,4
0.64,0.48,16,16,32,0.7083,0.7083,11,4
0.64,0.49,16,15,31,0.7083,0.7083,11,4
0.64,0.5,16,15,31,0.7083,0.7083,11,4
0.64,0.51,16,14,30,0.7083,0.6667,11,4
0.64,0.52,16,12,28,0.7083,0.6667,11,4
0.64,0.53,16,12,28,0.7083,0.6667,11,4
0.64,0.54,16,10,26,0.7083,0.6667,11,4
0.64,0.55,16,9,25,0.7083,0.6667,11,4
0.64,0.56,16,9,25,0.7083,0.6667,11,4
0.64,0.57,16,6,22,0.7083,0.625,11,4
0.64,0.58,16,5,21,0.7083,0.625,11,4
0.64,0.59,16,5,21,0.7083,0.5833,11,4
0.64,0.6,16,4,20,0.7083,0.5417,11,4
0.64,0.61,16,3,19,0.7083,0.5417,11,4
0.64,0.62,16,3,19,0.7083,0.5417,11,4
0.64,0.63,16,1,17,0.7083,0.5,11,4
0.64,0.64,16,1,17,0.7083,0.5,11,4
0.65,0.4,14,18,32,0.7083,0.7083,11,3
0.65,0.41,14,18,32,0.7083,0.7083,11,3
0.65,0.42,14,18,32,0.7083,0.7083,11,3
0.65,0.43,14,18,32,0.7083,0.7083,11,3
0.65,0.44,14,18,32,0.7083,0.7083,11,3
0.65,0.45,14,18,32,0.7083,0.7083,11,3
0.65,0.46,14,18,32,0.7083,0.7083,11,3
0.65,0.47,14,18,32,0.7083,0.7083,11,3
0.65,0.48,14,18,32,0.7083,0.7083,11,3
0.65,0.49,14,17,31,0.7083,0.7083,11,3
0.65,0.5,14,17,31,0.7083,0.7083,11,3
0.65,0.51,14,16,30,0.7083,0.6667,11,3
0.65,0.52,14,14,28,0.7083,0.6667,11,3
0.65,0.53,14,14,28,0.7083,0.6667,11,3
0.65,0.54,14,12,26,0.7083,0.6667,11,3
0.65,0.55,14,11,25,0.7083,0.6667,11,3
0.65,0.56,14,11,25,0.7083,0.6667,11,3
0.65,0.57,14,8,22,0.7083,0.625,11,3
0.65,0.58,14,7,21,0.7083,0.625,11,3
0.65,0.59,14,7,21,0.7083,0.5833,11,3
0.65,0.6,14,6,20,0.7083,0.5417,11,3
0.65,0.61,14,5,19,0.7083,0.5417,11,3
0.65,0.62,14,5,19,0.7083,0.5417,11,3
0.65,0.63,14,3,17,0.7083,0.5,11,3
0.65,0.64,14,3,17,0.7083,0.5,11,3
0.65,0.65,14,1,15,0.7083,0.5,11,3
0.66,0.4,14,18,32,0.7083,0.7083,11,2
0.66,0.41,14,18,32,0.7083,0.7083,11,2
0.66,0.42,14,18,32,0.7083,0.7083,11,2
0.66,0.43,14,18,32,0.7083,0.7083,11,2
0.66,0.44,14,18,32,0.7083,0.7083,11,2
0.66,0.45,14,18,32,0.7083,0.7083,11,2
0.66,0.46,14,18,32,0.7083,0.7083,11,2
0.66,0.47,14,18,32,0.7083,0.7083,11,2
0.66,0.48,14,18,32,0.7083,0.7083,11,2
0.66,0.49,14,17,31,0.7083,0.7083,11,2
0.66,0.5,14,17,31,0.7083,0.7083,11,2
0.66,0.51,14,16,30,0.7083,0.6667,11,2
0.66,0.52,14,14,28,0.7083,0.6667,11,2
0.66,0.53,14,14,28,0.7083,0.6667,11,2
0.66,0.54,14,12,26,0.7083,0.6667,11,2
0.66,0.55,14,11,25,0.7083,0.6667,11,2
0.66,0.56,14,11,25,0.7083,0.6667,11,2
0.66,0.57,14,8,22,0.7083,0.625,11,2
0.66,0.58,14,7,21,0.7083,0.625,11,2
0.66,0.59,14,7,21,0.7083,0.5833,11,2
0.66,0.6,14,6,20,0.7083,0.5417,11,2
0.66,0.61,14,5,19,0.7083,0.5417,11,2
0.66,0.62,14,5,19,0.7083,0.5417,11,2
0.66,0.63,14,3,17,0.7083,0.5,11,2
0.66,0.64,14,3,17,0.7083,0.5,11,2
0.66,0.65,14,1,15,0.7083,0.5,11,2
0.66,0.66,14,1,15,0.7083,0.5,11,2
0.67,0.4,14,18,32,0.7083,0.7083,11,2
0.67,0.41,14,18,32,0.7083,0.7083,11,2
0.67,0.42,14,18,32,0.7083,0.7083,11,2
0.67,0.43,14,18,32,0.7083,0.7083,11,2
0.67,0.44,14,18,32,0.7083,0.7083,11,2
0.67,0.45,14,18,32,0.7083,0.7083,11,2
0.67,0.46,14,18,32,0.7083,0.7083,11,2
0.67,0.47,14,18,32,0.7083,0.7083,11,2
0.67,0.48,14,18,32,0.7083,0.7083,11,2
0.67,0.49,14,17,31,0.7083,0.7083,11,2
0.67,0.5,14,17,31,0.7083,0.7083,11,2
0.67,0.51,14,16,30,0.7083,0.6667,11,2
0.67,0.52,14,14,28,0.7083,0.6667,11,2
0.67,0.53,14,14,28,0.7083,0.6667,11,2
0.67,0.54,14,12,26,0.7083,0.6667,11,2
0.67,0.55,14,11,25,0.7083,0.6667,11,2
0.67,0.56,14,11,25,0.7083,0.6667,11,2
0.67,0.57,14,8,22,0.7083,0.625,11,2
0.67,0.58,14,7,21,0.7083,0.625,11,2
0.67,0.59,14,7,21,0.7083,0.5833,11,2
0.67,0.6,14,6,20,0.7083,0.5417,11,2
0.67,0.61,14,5,19,0.7083,0.5417,11,2
0.67,0.62,14,5,19,0.7083,0.5417,11,2
0.67,0.63,14,3,17,0.7083,0.5,11,2
0.67,0.64,14,3,17,0.7083,0.5,11,2
0.67,0.65,14,1,15,0.7083,0.5,11,2
0.67,0.66,14,1,15,0.7083,0.5,11,2
0.67,0.67,14,1,15,0.7083,0.5,11,2
0.68,0.4,12,20,32,0.7083,0.7083,11,2
0.68,0.41,12,20,32,0.7083,0.7083,11,2
0.68,0.42,12,20,32,0.7083,0.7083,11,2
0.68,0.43,12,20,32,0.7083,0.7083,11,2
0.68,0.44,12,20,32,0.7083,0.7083,11,2
0.68,0.45,12,20,32,0.7083,0.7083,11,2
0.68,0.46,12,20,32,0.7083,0.7083,11,2
0.68,0.47,12,20,32,0.7083,0.7083,11,2
0.68,0.48,12,20,32,0.7083,0.7083,11,2
0.68,0.49,12,19,31,0.7083,0.7083,11,2
0.68,0.5,12,19,31,0.7083,0.7083,11,2
0.68,0.51,12,18,30,0.7083,0.6667,11,2
0.68,0.52,12,16,28,0.7083,0.6667,11,2
0.68,0.53,12,16,28,0.7083,0.6667,11,2
0.68,0.54,12,14,26,0.7083,0.6667,11,2
0.68,0.55,12,13,25,0.7083,0.6667,11,2
0.68,0.56,12,13,25,0.7083,0.6667,11,2
0.68,0.57,12,10,22,0.7083,0.625,11,2
0.68,0.58,12,9,21,0.7083,0.625,11,2
0.68,0.59,12,9,21,0.7083,0.5833,11,2
0.68,0.6,12,8,20,0.7083,0.5417,11,2
0.68,0.61,12,7,19,0.7083,0.5417,11,2
0.68,0.62,12,7,19,0.7083,0.5417,11,2
0.68,0.63,12,5,17,0.7083,0.5,11,2
0.68,0.64,12,5,17,0.7083,0.5,11,2
0.68,0.65,12,3,15,0.7083,0.5,11,2
0.68,0.66,12,3,15,0.7083,0.5,11,2
0.68,0.67,12,3,15,0.7083,0.5,11,2
0.68,0.68,12,1,13,0.7083,0.5,11,2
0.69,0.4,12,20,32,0.7083,0.7083,10,2
0.69,0.41,12,20,32,0.7083,0.7083,10,2
0.69,0.42,12,20,32,0.7083,0.7083,10,2
0.69,0.43,12,20,32,0.7083,0.7083,10,2
0.69,0.44,12,20,32,0.7083,0.7083,10,2
0.69,0.45,12,20,32,0.7083,0.7083,10,2
0.69,0.46,12,20,32,0.7083,0.7083,10,2
0.69,0.47,12,20,32,0.7083,0.7083,10,2
0.69,0.48,12,20,32,0.7083,0.7083,10,2
0.69,0.49,12,19,31,0.7083,0.7083,10,2
0.69,0.5,12,19,31,0.7083,0.7083,10,2
0.69,0.51,12,18,30,0.7083,0.6667,10,2
0.69,0.52,12,16,28,0.7083,0.6667,10,2
0.69,0.53,12,16,28,0.7083,0.6667,10,2
0.69,0.54,12,14,26,0.7083,0.6667,10,2
0.69,0.55,12,13,25,0.7083,0.6667,10,2
0.69,0.56,12,13,25,0.7083,0.6667,10,2
0.69,0.57,12,10,22,0.7083,0.625,10,2
0.69,0.58,12,9,21,0.7083,0.625,10,2
0.69,0.59,12,9,21,0.7083,0.5833,10,2
0.69,0.6,12,8,20,0.7083,0.5417,10,2
0.69,0.61,12,7,19,0.7083,0.5417,10,2
0.69,0.62,12,7,19,0.7083,0.5417,10,2
0.69,0.63,12,5,17,0.7083,0.5,10,2
0.69,0.64,12,5,17,0.7083,0.5,10,2
0.69,0.65,12,3,15,0.7083,0.5,10,2
0.69,0.66,12,3,15,0.7083,0.5,10,2
0.69,0.67,12,3,15,0.7083,0.5,10,2
0.69,0.68,12,1,13,0.7083,0.5,10,2
0.69,0.69,12,1,13,0.7083,0.4583,10,2
0.7,0.4,10,22,32,0.7083,0.7083,10,2
0.7,0.41,10,22,32,0.7083,0.7083,10,2
0.7,0.42,10,22,32,0.7083,0.7083,10,2
0.7,0.43,10,22,32,0.7083,0.7083,10,2
0.7,0.44,10,22,32,0.7083,0.7083,10,2
0.7,0.45,10,22,32,0.7083,0.7083,10,2
0.7,0.46,10,22,32,0.7083,0.7083,10,2
0.7,0.47,10,22,32,0.7083,0.7083,10,2
0.7,0.48,10,22,32,0.7083,0.7083,10,2
0.7,0.49,10,21,31,0.7083,0.7083,10,2
0.7,0.5,10,21,31,0.7083,0.7083,10,2
0.7,0.51,10,20,30,0.7083,0.6667,10,2
0.7,0.52,10,18,28,0.7083,0.6667,10,2
0.7,0.53,10,18,28,0.7083,0.6667,10,2
0.7,0.54,10,16,26,0.7083,0.6667,10,2
0.7,0.55,10,15,25,0.7083,0.6667,10,2
0.7,0.56,10,15,25,0.7083,0.6667,10,2
0.7,0.57,10,12,22,0.7083,0.625,10,2
0.7,0.58,10,11,21,0.7083,0.625,10,2
0.7,0.59,10,11,21,0.7083,0.5833,10,2
0.7,0.6,10,10,20,0.7083,0.5417,10,2
0.7,0.61,10,9,19,0.7083,0.5417,10,2
0.7,0.62,10,9,19,0.7083,0.5417,10,2
0.7,0.63,10,7,17,0.7083,0.5,10,2
0.7,0.64,10,7,17,0.7083,0.5,10,2
0.7,0.65,10,5,15,0.7083,0.5,10,2
0.7,0.66,10,5,15,0.7083,0.5,10,2
0.7,0.67,10,5,15,0.7083,0.5,10,2
0.7,0.68,10,3,13,0.7083,0.5,10,2
0.7,0.69,10,3,13,0.7083,0.4583,10,2
0.7,0.7,10,1,11,0.7083,0.4583,10,2
0.71,0.4,9,23,32,0.7083,0.7083,10,2
0.71,0.41,9,23,32,0.7083,0.7083,10,2
0.71,0.42,9,23,32,0.7083,0.7083,10,2
0.71,0.43,9,23,32,0.7083,0.7083,10,2
0.71,0.44,9,23,32,0.7083,0.7083,10,2
0.71,0.45,9,23,32,0.7083,0.7083,10,2
0.71,0.46,9,23,32,0.7083,0.7083,10,2
0.71,0.47,9,23,32,0.7083,0.7083,10,2
0.71,0.48,9,23,32,0.7083,0.7083,10,2
0.71,0.49,9,22,31,0.7083,0.7083,10,2
0.71,0.5,9,22,31,0.7083,0.7083,10,2
0.71,0.51,9,21,30,0.7083,0.6667,10,2
0.71,0.52,9,19,28,0.7083,0.6667,10,2
0.71,0.53,9,19,28,0.7083,0.6667,10,2
0.71,0.54,9,17,26,0.7083,0.6667,10,2
0.71,0.55,9,16,25,0.7083,0.6667,10,2
0.71,0.56,9,16,25,0.7083,0.6667,10,2
0.71,0.57,9,13,22,0.7083,0.625,10,2
0.71,0.58,9,12,21,0.7083,0.625,10,2
0.71,0.59,9,12,21,0.7083,0.5833,10,2
0.71,0.6,9,11,20,0.7083,0.5417,10,2
0.71,0.61,9,10,19,0.7083,0.5417,10,2
0.71,0.62,9,10,19,0.7083,0.5417,10,2
0.71,0.63,9,8,17,0.7083,0.5,10,2
0.71,0.64,9,8,17,0.7083,0.5,10,2
0.71,0.65,9,6,15,0.7083,0.5,10,2
0.71,0.66,9,6,15,0.7083,0.5,10,2
0.71,0.67,9,6,15,0.7083,0.5,10,2
0.71,0.68,9,4,13,0.7083,0.5,10,2
0.71,0.69,9,4,13,0.7083,0.4583,10,2
0.71,0.7,9,2,11,0.7083,0.4583,10,2
0.71,0.71,9,1,10,0.7083,0.4167,10,2
0.72,0.4,6,26,32,0.7083,0.7083,9,2
0.72,0.41,6,26,32,0.7083,0.7083,9,2
0.72,0.42,6,26,32,0.7083,0.7083,9,2
0.72,0.43,6,26,32,0.7083,0.7083,9,2
0.72,0.44,6,26,32,0.7083,0.7083,9,2
0.72,0.45,6,26,32,0.7083,0.7083,9,2
0.72,0.46,6,26,32,0.7083,0.7083,9,2
0.72,0.47,6,26,32,0.7083,0.7083,9,2
0.72,0.48,6,26,32,0.7083,0.7083,9,2
0.72,0.49,6,25,31,0.7083,0.7083,9,2
0.72,0.5,6,25,31,0.7083,0.7083,9,2
0.72,0.51,6,24,30,0.7083,0.6667,9,2
0.72,0.52,6,22,28,0.7083,0.6667,9,2
0.72,0.53,6,22,28,0.7083,0.6667,9,2
0.72,0.54,6,20,26,0.7083,0.6667,9,2
0.72,0.55,6,19,25,0.7083,0.6667,9,2
0.72,0.56,6,19,25,0.7083,0.6667,9,2
0.72,0.57,6,16,22,0.7083,0.625,9,2
0.72,0.58,6,15,21,0.7083,0.625,9,2
0.72,0.59,6,15,21,0.7083,0.5833,9,2
0.72,0.6,6,14,20,0.7083,0.5417,9,2
0.72,0.61,6,13,19,0.7083,0.5417,9,2
0.72,0.62,6,13,19,0.7083,0.5417,9,2
0.72,0.63,6,11,17,0.7083,0.5,9,2
0.72,0.64,6,11,17,0.7083,0.5,9,2
0.72,0.65,6,9,15,0.7083,0.5,9,2
0.72,0.66,6,9,15,0.7083,0.5,9,2
0.72,0.67,6,9,15,0.7083,0.5,9,2
0.72,0.68,6,7,13,0.7083,0.5,9,2
0.72,0.69,6,7,13,0.7083,0.4583,9,2
0.72,0.7,6,5,11,0.7083,0.4583,9,2
0.72,0.71,6,4,10,0.7083,0.4167,9,2
0.72,0.72,6,1,7,0.7083,0.375,9,2
0.73,0.4,6,26,32,0.7083,0.7083,9,2
0.73,0.41,6,26,32,0.7083,0.7083,9,2
0.73,0.42,6,26,32,0.7083,0.7083,9,2
0.73,0.43,6,26,32,0.7083,0.7083,9,2
0.73,0.44,6,26,32,0.7083,0.7083,9,2
0.73,0.45,6,26,32,0.7083,0.7083,9,2
0.73,0.46,6,26,32,0.7083,0.7083,9,2
0.73,0.47,6,26,32,0.7083,0.7083,9,2
0.73,0.48,6,26,32,0.7083,0.7083,9,2
0.73,0.49,6,25,31,0.7083,0.7083,9,2
0.73,0.5,6,25,31,0.7083,0.7083,9,2
0.73,0.51,6,24,30,0.7083,0.6667,9,2
0.73,0.52,6,22,28,0.7083,0.6667,9,2
0.73,0.53,6,22,28,0.7083,0.6667,9,2
0.73,0.54,6,20,26,0.7083,0.6667,9,2
0.73,0.55,6,19,25,0.7083,0.6667,9,2
0.73,0.56,6,19,25,0.7083,0.6667,9,2
0.73,0.57,6,16,22,0.7083,0.625,9,2
0.73,0.58,6,15,21,0.7083,0.625,9,2
0.73,0.59,6,15,21,0.7083,0.5833,9,2
0.73,0.6,6,14,20,0.7083,0.5417,9,2
0.73,0.61,6,13,19,0.7083,0.5417,9,2
0.73,0.62,6,13,19,0.7083,0.5417,9,2
0.73,0.63,6,11,17,0.7083,0.5,9,2
0.73,0.64,6,11,17,0.7083,0.5,9,2
0.73,0.65,6,9,15,0.7083,0.5,9,2
0.73,0.66,6,9,15,0.7083,0.5,9,2
0.73,0.67,6,9,15,0.7083,0.5,9,2
0.73,0.68,6,7,13,0.7083,0.5,9,2
0.73,0.69,6,7,13,0.7083,0.4583,9,2
0.73,0.7,6,5,11,0.7083,0.4583,9,2
0.73,0.71,6,4,10,0.7083,0.4167,9,2
0.73,0.72,6,1,7,0.7083,0.375,9,2
0.73,0.73,6,1,7,0.7083,0.375,9,2
0.74,0.4,5,27,32,0.7083,0.7083,9,2
0.74,0.41,5,27,32,0.7083,0.7083,9,2
0.74,0.42,5,27,32,0.7083,0.7083,9,2
0.74,0.43,5,27,32,0.7083,0.7083,9,2
0.74,0.44,5,27,32,0.7083,0.7083,9,2
0.74,0.45,5,27,32,0.7083,0.7083,9,2
0.74,0.46,5,27,32,0.7083,0.7083,9,2
0.74,0.47,5,27,32,0.7083,0.7083,9,2
0.74,0.48,5,27,32,0.7083,0.7083,9,2
0.74,0.49,5,26,31,0.7083,0.7083,9,2
0.74,0.5,5,26,31,0.7083,0.7083,9,2
0.74,0.51,5,25,30,0.7083,0.6667,9,2
0.74,0.52,5,23,28,0.7083,0.6667,9,2
0.74,0.53,5,23,28,0.7083,0.6667,9,2
0.74,0.54,5,21,26,0.7083,0.6667,9,2
0.74,0.55,5,20,25,0.7083,0.6667,9,2
0.74,0.56,5,20,25,0.7083,0.6667,9,2
0.74,0.57,5,17,22,0.7083,0.625,9,2
0.74,0.58,5,16,21,0.7083,0.625,9,2
0.74,0.59,5,16,21,0.7083,0.5833,9,2
0.74,0.6,5,15,20,0.7083,0.5417,9,2
0.74,0.61,5,14,19,0.7083,0.5417,9,2
0.74,0.62,5,14,19,0.7083,0.5417,9,2
0.74,0.63,5,12,17,0.7083,0.5,9,2
0.74,0.64,5,12,17,0.7083,0.5,9,2
0.74,0.65,5,10,15,0.7083,0.5,9,2
0.74,0.66,5,10,15,0.7083,0.5,9,2
0.74,0.67,5,10,15,0.7083,0.5,9,2
0.74,0.68,5,8,13,0.7083,0.5,9,2
0.74,0.69,5,8,13,0.7083,0.4583,9,2
0.74,0.7,5,6,11,0.7083,0.4583,9,2
0.74,0.71,5,5,10,0.7083,0.4167,9,2
0.74,0.72,5,2,7,0.7083,0.375,9,2
0.74,0.73,5,2,7,0.7083,0.375,9,2
0.74,0.74,5,0,5,0.7083,0.375,9,2
0.75,0.4,3,29,32,0.7083,0.7083,9,2
0.75,0.41,3,29,32,0.7083,0.7083,9,2
0.75,0.42,3,29,32,0.7083,0.7083,9,2
0.75,0.43,3,29,32,0.7083,0.7083,9,2
0.75,0.44,3,29,32,0.7083,0.7083,9,2
0.75,0.45,3,29,32,0.7083,0.7083,9,2
0.75,0.46,3,29,32,0.7083,0.7083,9,2
0.75,0.47,3,29,32,0.7083,0.7083,9,2
0.75,0.48,3,29,32,0.7083,0.7083,9,2
0.75,0.49,3,28,31,0.7083,0.7083,9,2
0.75,0.5,3,28,31,0.7083,0.7083,9,2
0.75,0.51,3,27,30,0.7083,0.6667,9,2
0.75,0.52,3,25,28,0.7083,0.6667,9,2
0.75,0.53,3,25,28,0.7083,0.6667,9,2
0.75,0.54,3,23,26,0.7083,0.6667,9,2
0.75,0.55,3,22,25,0.7083,0.6667,9,2
0.75,0.56,3,22,25,0.7083,0.6667,9,2
0.75,0.57,3,19,22,0.7083,0.625,9,2
0.75,0.58,3,18,21,0.7083,0.625,9,2
0.75,0.59,3,18,21,0.7083,0.5833,9,2
0.75,0.6,3,17,20,0.7083,0.5417,9,2
0.75,0.61,3,16,19,0.7083,0.5417,9,2
0.75,0.62,3,16,19,0.7083,0.5417,9,2
0.75,0.63,3,14,17,0.7083,0.5,9,2
0.75,0.64,3,14,17,0.7083,0.5,9,2
0.75,0.65,3,12,15,0.7083,0.5,9,2
0.75,0.66,3,12,15,0.7083,0.5,9,2
0.75,0.67,3,12,15,0.7083,0.5,9,2
0.75,0.68,3,10,13,0.7083,0.5,9,2
0.75,0.69,3,10,13,0.7083,0.4583,9,2
0.75,0.7,3,8,11,0.7083,0.4583,9,2
0.75,0.71,3,7,10,0.7083,0.4167,9,2
0.75,0.72,3,4,7,0.7083,0.375,9,2
0.75,0.73,3,4,7,0.7083,0.375,9,2
0.75,0.74,3,2,5,0.7083,0.375,9,2
0.75,0.75,3,0,3,0.7083,0.375,9,2
0.76,0.4,2,30,32,0.7083,0.7083,9,2
0.76,0.41,2,30,32,0.7083,0.7083,9,2
0.76,0.42,2,30,32,0.7083,0.7083,9,2
0.76,0.43,2,30,32,0.7083,0.7083,9,2
0.76,0.44,2,30,32,0.7083,0.7083,9,2
0.76,0.45,2,30,32,0.7083,0.7083,9,2
0.76,0.46,2,30,32,0.7083,0.7083,9,2
0.76,0.47,2,30,32,0.7083,0.7083,9,2
0.76,0.48,2,30,32,0.7083,0.7083,9,2
0.76,0.49,2,29,31,0.7083,0.7083,9,2
0.76,0.5,2,29,31,0.7083,0.7083,9,2
0.76,0.51,2,28,30,0.7083,0.6667,9,2
0.76,0.52,2,26,28,0.7083,0.6667,9,2
0.76,0.53,2,26,28,0.7083,0.6667,9,2
0.76,0.54,2,24,26,0.7083,0.6667,9,2
0.76,0.55,2,23,25,0.7083,0.6667,9,2
0.76,0.56,2,23,25,0.7083,0.6667,9,2
0.76,0.57,2,20,22,0.7083,0.625,9,2
0.76,0.58,2,19,21,0.7083,0.625,9,2
0.76,0.59,2,19,21,0.7083,0.5833,9,2
0.76,0.6,2,18,20,0.7083,0.5417,9,2
0.76,0.61,2,17,19,0.7083,0.5417,9,2
0.76,0.62,2,17,19,0.7083,0.5417,9,2
0.76,0.63,2,15,17,0.7083,0.5,9,2
0.76,0.64,2,15,17,0.7083,0.5,9,2
0.76,0.65,2,13,15,0.7083,0.5,9,2
0.76,0.66,2,13,15,0.7083,0.5,9,2
0.76,0.67,2,13,15,0.7083,0.5,9,2
0.76,0.68,2,11,13,0.7083,0.5,9,2
0.76,0.69,2,11,13,0.7083,0.4583,9,2
0.76,0.7,2,9,11,0.7083,0.4583,9,2
0.76,0.71,2,8,10,0.7083,0.4167,9,2
0.76,0.72,2,5,7,0.7083,0.375,9,2
0.76,0.73,2,5,7,0.7083,0.375,9,2
0.76,0.74,2,3,5,0.7083,0.375,9,2
0.76,0.75,2,1,3,0.7083,0.375,9,2
0.76,0.76,2,0,2,0.7083,0.375,9,2
0.77,0.4,2,30,32,0.7083,0.7083,8,2
0.77,0.41,2,30,32,0.7083,0.7083,8,2
0.77,0.42,2,30,32,0.7083,0.7083,8,2
0.77,0.43,2,30,32,0.7083,0.7083,8,2
0.77,0.44,2,30,32,0.7083,0.7083,8,2
0.77,0.45,2,30,32,0.7083,0.7083,8,2
0.77,0.46,2,30,32,0.7083,0.7083,8,2
0.77,0.47,2,30,32,0.7083,0.7083,8,2
0.77,0.48,2,30,32,0.7083,0.7083,8,2
0.77,0.49,2,29,31,0.7083,0.7083,8,2
0.77,0.5,2,29,31,0.7083,0.7083,8,2
0.77,0.51,2,28,30,0.7083,0.6667,8,2
0.77,0.52,2,26,28,0.7083,0.6667,8,2
0.77,0.53,2,26,28,0.7083,0.6667,8,2
0.77,0.54,2,24,26,0.7083,0.6667,8,2
0.77,0.55,2,23,25,0.7083,0.6667,8,2
0.77,0.56,2,23,25,0.7083,0.6667,8,2
0.77,0.57,2,20,22,0.7083,0.625,8,2
0.77,0.58,2,19,21,0.7083,0.625,8,2
0.77,0.59,2,19,21,0.7083,0.5833,8,2
0.77,0.6,2,18,20,0.7083,0.5417,8,2
0.77,0.61,2,17,19,0.7083,0.5417,8,2
0.77,0.62,2,17,19,0.7083,0.5417,8,2
0.77,0.63,2,15,17,0.7083,0.5,8,2
0.77,0.64,2,15,17,0.7083,0.5,8,2
0.77,0.65,2,13,15,0.7083,0.5,8,2
0.77,0.66,2,13,15,0.7083,0.5,8,2
0.77,0.67,2,13,15,0.7083,0.5,8,2
0.77,0.68,2,11,13,0.7083,0.5,8,2
0.77,0.69,2,11,13,0.7083,0.4583,8,2
0.77,0.7,2,9,11,0.7083,0.4583,8,2
0.77,0.71,2,8,10,0.7083,0.4167,8,2
0.77,0.72,2,5,7,0.7083,0.375,8,2
0.77,0.73,2,5,7,0.7083,0.375,8,2
0.77,0.74,2,3,5,0.7083,0.375,8,2
0.77,0.75,2,1,3,0.7083,0.375,8,2
0.77,0.76,2,0,2,0.7083,0.375,8,2
0.77,0.77,2,0,2,0.7083,0.3333,8,2
0.78,0.4,1,31,32,0.7083,0.7083,7,2
0.78,0.41,1,31,32,0.7083,0.7083,7,2
0.78,0.42,1,31,32,0.7083,0.7083,7,2
0.78,0.43,1,31,32,0.7083,0.7083,7,2
0.78,0.44,1,31,32,0.7083,0.7083,7,2
0.78,0.45,1,31,32,0.7083,0.7083,7,2
0.78,0.46,1,31,32,0.7083,0.7083,7,2
0.78,0.47,1,31,32,0.7083,0.7083,7,2
0.78,0.48,1,31,32,0.7083,0.7083,7,2
0.78,0.49,1,30,31,0.7083,0.7083,7,2
0.78,0.5,1,30,31,0.7083,0.7083,7,2
0.78,0.51,1,29,30,0.7083,0.6667,7,2
0.78,0.52,1,27,28,0.7083,0.6667,7,2
0.78,0.53,1,27,28,0.7083,0.6667,7,2
0.78,0.54,1,25,26,0.7083,0.6667,7,2
0.78,0.55,1,24,25,0.7083,0.6667,7,2
0.78,0.56,1,24,25,0.7083,0.6667,7,2
0.78,0.57,1,21,22,0.7083,0.625,7,2
0.78,0.58,1,20,21,0.7083,0.625,7,2
0.78,0.59,1,20,21,0.7083,0.5833,7,2
0.78,0.6,1,19,20,0.7083,0.5417,7,2
0.78,0.61,1,18,19,0.7083,0.5417,7,2
0.78,0.62,1,18,19,0.7083,0.5417,7,2
0.78,0.63,1,16,17,0.7083,0.5,7,2
0.78,0.64,1,16,17,0.7083,0.5,7,2
0.78,0.65,1,14,15,0.7083,0.5,7,2
0.78,0.66,1,14,15,0.7083,0.5,7,2
0.78,0.67,1,14,15,0.7083,0.5,7,2
0.78,0.68,1,12,13,0.7083,0.5,7,2
0.78,0.69,1,12,13,0.7083,0.4583,7,2
0.78,0.7,1,10,11,0.7083,0.4583,7,2
0.78,0.71,1,9,10,0.7083,0.4167,7,2
0.78,0.72,1,6,7,0.7083,0.375,7,2
0.78,0.73,1,6,7,0.7083,0.375,7,2
0.78,0.74,1,4,5,0.7083,0.375,7,2
0.78,0.75,1,2,3,0.7083,0.375,7,2
0.78,0.76,1,1,2,0.7083,0.375,7,2
0.78,0.77,1,1,2,0.7083,0.3333,7,2
0.78,0.78,1,0,1,0.7083,0.2917,7,2
0.79,0.4,1,31,32,0.7083,0.7083,6,2
0.79,0.41,1,31,32,0.7083,0.7083,6,2
0.79,0.42,1,31,32,0.7083,0.7083,6,2
0.79,0.43,1,31,32,0.7083,0.7083,6,2
0.79,0.44,1,31,32,0.7083,0.7083,6,2
0.79,0.45,1,31,32,0.7083,0.7083,6,2
0.79,0.46,1,31,32,0.7083,0.7083,6,2
0.79,0.47,1,31,32,0.7083,0.7083,6,2
0.79,0.48,1,31,32,0.7083,0.7083,6,2
0.79,0.49,1,30,31,0.7083,0.7083,6,2
0.79,0.5,1,30,31,0.7083,0.7083,6,2
0.79,0.51,1,29,30,0.7083,0.6667,6,2
0.79,0.52,1,27,28,0.7083,0.6667,6,2
0.79,0.53,1,27,28,0.7083,0.6667,6,2
0.79,0.54,1,25,26,0.7083,0.6667,6,2
0.79,0.55,1,24,25,0.7083,0.6667,6,2
0.79,0.56,1,24,25,0.7083,0.6667,6,2
0.79,0.57,1,21,22,0.7083,0.625,6,2
0.79,0.58,1,20,21,0.7083,0.625,6,2
0.79,0.59,1,20,21,0.7083,0.5833,6,2
0.79,0.6,1,19,20,0.7083,0.5417,6,2
0.79,0.61,1,18,19,0.7083,0.5417,6,2
0.79,0.62,1,18,19,0.7083,0.5417,6,2
0.79,0.63,1,16,17,0.7083,0.5,6,2
0.79,0.64,1,16,17,0.7083,0.5,6,2
0.79,0.65,1,14,15,0.7083,0.5,6,2
0.79,0.66,1,14,15,0.7083,0.5,6,2
0.79,0.67,1,14,15,0.7083,0.5,6,2
0.79,0.68,1,12,13,0.7083,0.5,6,2
0.79,0.69,1,12,13,0.7083,0.4583,6,2
0.79,0.7,1,10,11,0.7083,0.4583,6,2
0.79,0.71,1,9,10,0.7083,0.4167,6,2
0.79,0.72,1,6,7,0.7083,0.375,6,2
0.79,0.73,1,6,7,0.7083,0.375,6,2
0.79,0.74,1,4,5,0.7083,0.375,6,2
0.79,0.75,1,2,3,0.7083,0.375,6,2
0.79,0.76,1,1,2,0.7083,0.375,6,2
0.79,0.77,1,1,2,0.7083,0.3333,6,2
0.79,0.78,1,0,1,0.7083,0.2917,6,2
0.79,0.79,1,0,1,0.7083,0.25,6,2
0.8,0.4,1,31,32,0.7083,0.7083,5,2
0.8,0.41,1,31,32,0.7083,0.7083,5,2
0.8,0.42,1,31,32,0.7083,0.7083,5,2
0.8,0.43,1,31,32,0.7083,0.7083,5,2
0.8,0.44,1,31,32,0.7083,0.7083,5,2
0.8,0.45,1,31,32,0.7083,0.7083,5,2
0.8,0.46,1,31,32,0.7083,0.7083,5,2
0.8,0.47,1,31,32,0.7083,0.7083,5,2
0.8,0.48,1,31,32,0.7083,0.7083,5,2
0.8,0.49,1,30,31,0.7083,0.7083,5,2
0.8,0.5,1,30,31,0.7083,0.7083,5,2
0.8,0.51,1,29,30,0.7083,0.6667,5,2
0.8,0.52,1,27,28,0.7083,0.6667,5,2
0.8,0.53,1,27,28,0.7083,0.6667,5,2
0.8,0.54,1,25,26,0.7083,0.6667,5,2
0.8,0.55,1,24,25,0.7083,0.6667,5,2
0.8,0.56,1,24,25,0.7083,0.6667,5,2
0.8,0.57,1,21,22,0.7083,0.625,5,2
0.8,0.58,1,20,21,0.7083,0.625,5,2
0.8,0.59,1,20,21,0.7083,0.5833,5,2
0.8,0.6,1,19,20,0.7083,0.5417,5,2
0.8,0.61,1,18,19,0.7083,0.5417,5,2
0.8,0.62,1,18,19,0.7083,0.5417,5,2
0.8,0.63,1,16,17,0.7083,0.5,5,2
0.8,0.64,1,16,17,0.7083,0.5,5,2
0.8,0.65,1,14,15,0.7083,0.5,5,2
0.8,0.66,1,14,15,0.7083,0.5,5,2
0.8,0.67,1,14,15,0.7083,0.5,5,2
0.8,0.68,1,12,13,0.7083,0.5,5,2
0.8,0.69,1,12,13,0.7083,0.4583,5,2
0.8,0.7,1,10,11,0.7083,0.4583,5,2
0.8,0.71,1,9,10,0.7083,0.4167,5,2
0.8,0.72,1,6,7,0.7083,0.375,5,2
0.8,0.73,1,6,7,0.7083,0.375,5,2
0.8,0.74,1,4,5,0.7083,0.375,5,2
0.8,0.75,1,2,3,0.7083,0.375,5,2
0.8,0.76,1,1,2,0.7083,0.375,5,2
0.8,0.77,1,1,2,0.7083,0.3333,5,2
0.8,0.78,1,0,1,0.7083,0.2917,5,2
0.8,0.79,1,0,1,0.7083,0.25,5,2
0.8,0.8,1,0,1,0.7083,0.2083,5,2
0.81,0.4,1,31,32,0.7083,0.7083,4,1
0.81,0.41,1,31,32,0.7083,0.7083,4,1
0.81,0.42,1,31,32,0.7083,0.7083,4,1
0.81,0.43,1,31,32,0.7083,0.7083,4,1
0.81,0.44,1,31,32,0.7083,0.7083,4,1
0.81,0.45,1,31,32,0.7083,0.7083,4,1
0.81,0.46,1,31,32,0.7083,0.7083,4,1
0.81,0.47,1,31,32,0.7083,0.7083,4,1
0.81,0.48,1,31,32,0.7083,0.7083,4,1
0.81,0.49,1,30,31,0.7083,0.7083,4,1
0.81,0.5,1,30,31,0.7083,0.7083,4,1
0.81,0.51,1,29,30,0.7083,0.6667,4,1
0.81,0.52,1,27,28,0.7083,0.6667,4,1
0.81,0.53,1,27,28,0.7083,0.6667,4,1
0.81,0.54,1,25,26,0.7083,0.6667,4,1
0.81,0.55,1,24,25,0.7083,0.6667,4,1
0.81,0.56,1,24,25,0.7083,0.6667,4,1
0.81,0.57,1,21,22,0.7083,0.625,4,1
0.81,0.58,1,20,21,0.7083,0.625,4,1
0.81,0.59,1,20,21,0.7083,0.5833,4,1
0.81,0.6,1,19,20,0.7083,0.5417,4,1
0.81,0.61,1,18,19,0.7083,0.5417,4,1
0.81,0.62,1,18,19,0.7083,0.5417,4,1
0.81,0.63,1,16,17,0.7083,0.5,4,1
0.81,0.64,1,16,17,0.7083,0.5,4,1
0.81,0.65,1,14,15,0.7083,0.5,4,1
0.81,0.66,1,14,15,0.7083,0.5,4,1
0.81,0.67,1,14,15,0.7083,0.5,4,1
0.81,0.68,1,12,13,0.7083,0.5,4,1
0.81,0.69,1,12,13,0.7083,0.4583,4,1
0.81,0.7,1,10,11,0.7083,0.4583,4,1
0.81,0.71,1,9,10,0.7083,0.4167,4,1
0.81,0.72,1,6,7,0.7083,0.375,4,1
0.81,0.73,1,6,7,0.7083,0.375,4,1
0.81,0.74,1,4,5,0.7083,0.375,4,1
0.81,0.75,1,2,3,0.7083,0.375,4,1
0.81,0.76,1,1,2,0.7083,0.375,4,1
0.81,0.77,1,1,2,0.7083,0.3333,4,1
0.81,0.78,1,0,1,0.7083,0.2917,4,1
0.81,0.79,1,0,1,0.7083,0.25,4,1
0.81,0.8,1,0,1,0.7083,0.2083,4,1
0.81,0.81,1,0,1,0.7083,0.1667,4,1
0.82,0.4,0,32,32,0.7083,0.7083,4,1
0.82,0.41,0,32,32,0.7083,0.7083,4,1
0.82,0.42,0,32,32,0.7083,0.7083,4,1
0.82,0.43,0,32,32,0.7083,0.7083,4,1
0.82,0.44,0,32,32,0.7083,0.7083,4,1
0.82,0.45,0,32,32,0.7083,0.7083,4,1
0.82,0.46,0,32,32,0.7083,0.7083,4,1
0.82,0.47,0,32,32,0.7083,0.7083,4,1
0.82,0.48,0,32,32,0.7083,0.7083,4,1
0.82,0.49,0,31,31,0.7083,0.7083,4,1
0.82,0.5,0,31,31,0.7083,0.7083,4,1
0.82,0.51,0,30,30,0.7083,0.6667,4,1
0.82,0.52,0,28,28,0.7083,0.6667,4,1
0.82,0.53,0,28,28,0.7083,0.6667,4,1
0.82,0.54,0,26,26,0.7083,0.6667,4,1
0.82,0.55,0,25,25,0.7083,0.6667,4,1
0.82,0.56,0,25,25,0.7083,0.6667,4,1
0.82,0.57,0,22,22,0.7083,0.625,4,1
0.82,0.58,0,21,21,0.7083,0.625,4,1
0.82,0.59,0,21,21,0.7083,0.5833,4,1
0.82,0.6,0,20,20,0.7083,0.5417,4,1
0.82,0.61,0,19,19,0.7083,0.5417,4,1
0.82,0.62,0,19,19,0.7083,0.5417,4,1
0.82,0.63,0,17,17,0.7083,0.5,4,1
0.82,0.64,0,17,17,0.7083,0.5,4,1
0.82,0.65,0,15,15,0.7083,0.5,4,1
0.82,0.66,0,15,15,0.7083,0.5,4,1
0.82,0.67,0,15,15,0.7083,0.5,4,1
0.82,0.68,0,13,13,0.7083,0.5,4,1
0.82,0.69,0,13,13,0.7083,0.4583,4,1
0.82,0.7,0,11,11,0.7083,0.4583,4,1
0.82,0.71,0,10,10,0.7083,0.4167,4,1
0.82,0.72,0,7,7,0.7083,0.375,4,1
0.82,0.73,0,7,7,0.7083,0.375,4,1
0.82,0.74,0,5,5,0.7083,0.375,4,1
0.82,0.75,0,3,3,0.7083,0.375,4,1
0.82,0.76,0,2,2,0.7083,0.375,4,1
0.82,0.77,0,2,2,0.7083,0.3333,4,1
0.82,0.78,0,1,1,0.7083,0.2917,4,1
0.82,0.79,0,1,1,0.7083,0.25,4,1
0.82,0.8,0,1,1,0.7083,0.2083,4,1
0.82,0.81,0,1,1,0.7083,0.1667,4,1
0.82,0.82,0,0,0,0.7083,0.1667,4,1
0.83,0.4,0,32,32,0.7083,0.7083,4,1
0.83,0.41,0,32,32,0.7083,0.7083,4,1
0.83,0.42,0,32,32,0.7083,0.7083,4,1
0.83,0.43,0,32,32,0.7083,0.7083,4,1
0.83,0.44,0,32,32,0.7083,0.7083,4,1
0.83,0.45,0,32,32,0.7083,0.7083,4,1
0.83,0.46,0,32,32,0.7083,0.7083,4,1
0.83,0.47,0,32,32,0.7083,0.7083,4,1
0.83,0.48,0,32,32,0.7083,0.7083,4,1
0.83,0.49,0,31,31,0.7083,0.7083,4,1
0.83,0.5,0,31,31,0.7083,0.7083,4,1
0.83,0.51,0,30,30,0.7083,0.6667,4,1
0.83,0.52,0,28,28,0.7083,0.6667,4,1
0.83,0.53,0,28,28,0.7083,0.6667,4,1
0.83,0.54,0,26,26,0.7083,0.6667,4,1
0.83,0.55,0,25,25,0.7083,0.6667,4,1
0.83,0.56,0,25,25,0.7083,0.6667,4,1
0.83,0.57,0,22,22,0.7083,0.625,4,1
0.83,0.58,0,21,21,0.7083,0.625,4,1
0.83,0.59,0,21,21,0.7083,0.5833,4,1
0.83,0.6,0,20,20,0.7083,0.5417,4,1
0.83,0.61,0,19,19,0.7083,0.5417,4,1
0.83,0.62,0,19,19,0.7083,0.5417,4,1
0.83,0.63,0,17,17,0.7083,0.5,4,1
0.83,0.64,0,17,17,0.7083,0.5,4,1
0.83,0.65,0,15,15,0.7083,0.5,4,1
0.83,0.66,0,15,15,0.7083,0.5,4,1
0.83,0.67,0,15,15,0.7083,0.5,4,1
0.83,0.68,0,13,13,0.7083,0.5,4,1
0.83,0.69,0,13,13,0.7083,0.4583,4,1
0.83,0.7,0,11,11,0.7083,0.4583,4,1
0.83,0.71,0,10,10,0.7083,0.4167,4,1
0.83,0.72,0,7,7,0.7083,0.375,4,1
0.83,0.73,0,7,7,0.7083,0.375,4,1
0.83,0.74,0,5,5,0.7083,0.375,4,1
0.83,0.75,0,3,3,0.7083,0.375,4,1
0.83,0.76,0,2,2,0.7083,0.375,4,1
0.83,0.77,0,2,2,0.7083,0.3333,4,1
0.83,0.78,0,1,1,0.7083,0.2917,4,1
0.83,0.79,0,1,1,0.7083,0.25,4,1
0.83,0.8,0,1,1,0.7083,0.2083,4,1
0.83,0.81,0,1,1,0.7083,0.1667,4,1
0.83,0.82,0,0,0,0.7083,0.1667,4,1
0.83,0.83,0,0,0,0.7083,0.1667,4,1
0.84,0.4,0,32,32,0.7083,0.7083,4,1
0.84,0.41,0,32,32,0.7083,0.7083,4,1
0.84,0.42,0,32,32,0.7083,0.7083,4,1
0.84,0.43,0,32,32,0.7083,0.7083,4,1
0.84,0.44,0,32,32,0.7083,0.7083,4,1
0.84,0.45,0,32,32,0.7083,0.7083,4,1
0.84,0.46,0,32,32,0.7083,0.7083,4,1
0.84,0.47,0,32,32,0.7083,0.7083,4,1
0.84,0.48,0,32,32,0.7083,0.7083,4,1
0.84,0.49,0,31,31,0.7083,0.7083,4,1
0.84,0.5,0,31,31,0.7083,0.7083,4,1
0.84,0.51,0,30,30,0.7083,0.6667,4,1
0.84,0.52,0,28,28,0.7083,0.6667,4,1
0.84,0.53,0,28,28,0.7083,0.6667,4,1
0.84,0.54,0,26,26,0.7083,0.6667,4,1
0.84,0.55,0,25,25,0.7083,0.6667,4,1
0.84,0.56,0,25,25,0.7083,0.6667,4,1
0.84,0.57,0,22,22,0.7083,0.625,4,1
0.84,0.58,0,21,21,0.7083,0.625,4,1
0.84,0.59,0,21,21,0.7083,0.5833,4,1
0.84,0.6,0,20,20,0.7083,0.5417,4,1
0.84,0.61,0,19,19,0.7083,0.5417,4,1
0.84,0.62,0,19,19,0.7083,0.5417,4,1
0.84,0.63,0,17,17,0.7083,0.5,4,1
0.84,0.64,0,17,17,0.7083,0.5,4,1
0.84,0.65,0,15,15,0.7083,0.5,4,1
0.84,0.66,0,15,15,0.7083,0.5,4,1
0.84,0.67,0,15,15,0.7083,0.5,4,1
0.84,0.68,0,13,13,0.7083,0.5,4,1
0.84,0.69,0,13,13,0.7083,0.4583,4,1
0.84,0.7,0,11,11,0.7083,0.4583,4,1
0.84,0.71,0,10,10,0.7083,0.4167,4,1
0.84,0.72,0,7,7,0.7083,0.375,4,1
0.84,0.73,0,7,7,0.7083,0.375,4,1
0.84,0.74,0,5,5,0.7083,0.375,4,1
0.84,0.75,0,3,3,0.7083,0.375,4,1
0.84,0.76,0,2,2,0.7083,0.375,4,1
0.84,0.77,0,2,2,0.7083,0.3333,4,1
0.84,0.78,0,1,1,0.7083,0.2917,4,1
0.84,0.79,0,1,1,0.7083,0.25,4,1
0.84,0.8,0,1,1,0.7083,0.2083,4,1
0.84,0.81,0,1,1,0.7083,0.1667,4,1
0.84,0.82,0,0,0,0.7083,0.1667,4,1
0.84,0.83,0,0,0,0.7083,0.1667,4,1
0.84,0.84,0,0,0,0.7083,0.1667,4,1
0.85,0.4,0,32,32,0.7083,0.7083,4,1
0.85,0.41,0,32,32,0.7083,0.7083,4,1
0.85,0.42,0,32,32,0.7083,0.7083,4,1
0.85,0.43,0,32,32,0.7083,0.7083,4,1
0.85,0.44,0,32,32,0.7083,0.7083,4,1
0.85,0.45,0,32,32,0.7083,0.7083,4,1
0.85,0.46,0,32,32,0.7083,0.7083,4,1
0.85,0.47,0,32,32,0.7083,0.7083,4,1
0.85,0.48,0,32,32,0.7083,0.7083,4,1
0.85,0.49,0,31,31,0.7083,0.7083,4,1
0.85,0.5,0,31,31,0.7083,0.7083,4,1
0.85,0.51,0,30,30,0.7083,0.6667,4,1
0.85,0.52,0,28,28,0.7083,0.6667,4,1
0.85,0.53,0,28,28,0.7083,0.6667,4,1
0.85,0.54,0,26,26,0.7083,0.6667,4,1
0.85,0.55,0,25,25,0.7083,0.6667,4,1
0.85,0.56,0,25,25,0.7083,0.6667,4,1
0.85,0.57,0,22,22,0.7083,0.625,4,1
0.85,0.58,0,21,21,0.7083,0.625,4,1
0.85,0.59,0,21,21,0.7083,0.5833,4,1
0.85,0.6,0,20,20,0.7083,0.5417,4,1
0.85,0.61,0,19,19,0.7083,0.5417,4,1
0.85,0.62,0,19,19,0.7083,0.5417,4,1
0.85,0.63,0,17,17,0.7083,0.5,4,1
0.85,0.64,0,17,17,0.7083,0.5,4,1
0.85,0.65,0,15,15,0.7083,0.5,4,1
0.85,0.66,0,15,15,0.7083,0.5,4,1
0.85,0.67,0,15,15,0.7083,0.5,4,1
0.85,0.68,0,13,13,0.7083,0.5,4,1
0.85,0.69,0,13,13,0.7083,0.4583,4,1
0.85,0.7,0,11,11,0.7083,0.4583,4,1
0.85,0.71,0,10,10,0.7083,0.4167,4,1
0.85,0.72,0,7,7,0.7083,0.375,4,1
0.85,0.73,0,7,7,0.7083,0.375,4,1
0.85,0.74,0,5,5,0.7083,0.375,4,1
0.85,0.75,0,3,3,0.7083,0.375,4,1
0.85,0.76,0,2,2,0.7083,0.375,4,1
0.85,0.77,0,2,2,0.7083,0.3333,4,1
0.85,0.78,0,1,1,0.7083,0.2917,4,1
0.85,0.79,0,1,1,0.7083,0.25,4,1
0.85,0.8,0,1,1,0.7083,0.2083,4,1
0.85,0.81,0,1,1,0.7083,0.1667,4,1
0.85,0.82,0,0,0,0.7083,0.1667,4,1
0.85,0.83,0,0,0,0.7083,0.1667,4,1
0.85,0.84,0,0,0,0.7083,0.1667,4,1
0.85,0.85,0,0,0,0.7083,0.1667,4,1
0.86,0.4,0,32,32,0.7083,0.7083,4,0
0.86,0.41,0,32,32,0.7083,0.7083,4,0
0.86,0.42,0,32,32,0.7083,0.7083,4,0
0.86,0.43,0,32,32,0.7083,0.7083,4,0
0.86,0.44,0,32,32,0.7083,0.7083,4,0
0.86,0.45,0,32,32,0.7083,0.7083,4,0
0.86,0.46,0,32,32,0.7083,0.7083,4,0
0.86,0.47,0,32,32,0.7083,0.7083,4,0
0.86,0.48,0,32,32,0.7083,0.7083,4,0
0.86,0.49,0,31,31,0.7083,0.7083,4,0
0.86,0.5,0,31,31,0.7083,0.7083,4,0
0.86,0.51,0,30,30,0.7083,0.6667,4,0
0.86,0.52,0,28,28,0.7083,0.6667,4,0
0.86,0.53,0,28,28,0.7083,0.6667,4,0
0.86,0.54,0,26,26,0.7083,0.6667,4,0
0.86,0.55,0,25,25,0.7083,0.6667,4,0
0.86,0.56,0,25,25,0.7083,0.6667,4,0
0.86,0.57,0,22,22,0.7083,0.625,4,0
0.86,0.58,0,21,21,0.7083,0.625,4,0
0.86,0.59,0,21,21,0.7083,0.5833,4,0
0.86,0.6,0,20,20,0.7083,0.5417,4,0
0.86,0.61,0,19,19,0.7083,0.5417,4,0
0.86,0.62,0,19,19,0.7083,0.5417,4,0
0.86,0.63,0,17,17,0.7083,0.5,4,0
0.86,0.64,0,17,17,0.7083,0.5,4,0
0.86,0.65,0,15,15,0.7083,0.5,4,0
0.86,0.66,0,15,15,0.7083,0.5,4,0
0.86,0.67,0,15,15,0.7083,0.5,4,0
0.86,0.68,0,13,13,0.7083,0.5,4,0
0.86,0.69,0,13,13,0.7083,0.4583,4,0
0.86,0.7,0,11,11,0.7083,0.4583,4,0
0.86,0.71,0,10,10,0.7083,0.4167,4,0
0.86,0.72,0,7,7,0.7083,0.375,4,0
0.86,0.73,0,7,7,0.7083,0.375,4,0
0.86,0.74,0,5,5,0.7083,0.375,4,0
0.86,0.75,0,3,3,0.7083,0.375,4,0
0.86,0.76,0,2,2,0.7083,0.375,4,0
0.86,0.77,0,2,2,0.7083,0.3333,4,0
0.86,0.78,0,1,1,0.7083,0.2917,4,0
0.86,0.79,0,1,1,0.7083,0.25,4,0
0.86,0.8,0,1,1,0.7083,0.2083,4,0
0.86,0.81,0,1,1,0.7083,0.1667,4,0
0.86,0.82,0,0,0,0.7083,0.1667,4,0
0.86,0.83,0,0,0,0.7083,0.1667,4,0
0.86,0.84,0,0,0,0.7083,0.1667,4,0
0.86,0.85,0,0,0,0.7083,0.1667,4,0
0.86,0.86,0,0,0,0.7083,0.1667,4,0
0.87,0.4,0,32,32,0.7083,0.7083,3,0
0.87,0.41,0,32,32,0.7083,0.7083,3,0
0.87,0.42,0,32,32,0.7083,0.7083,3,0
0.87,0.43,0,32,32,0.7083,0.7083,3,0
0.87,0.44,0,32,32,0.7083,0.7083,3,0
0.87,0.45,0,32,32,0.7083,0.7083,3,0
0.87,0.46,0,32,32,0.7083,0.7083,3,0
0.87,0.47,0,32,32,0.7083,0.7083,3,0
0.87,0.48,0,32,32,0.7083,0.7083,3,0
0.87,0.49,0,31,31,0.7083,0.7083,3,0
0.87,0.5,0,31,31,0.7083,0.7083,3,0
0.87,0.51,0,30,30,0.7083,0.6667,3,0
0.87,0.52,0,28,28,0.7083,0.6667,3,0
0.87,0.53,0,28,28,0.7083,0.6667,3,0
0.87,0.54,0,26,26,0.7083,0.6667,3,0
0.87,0.55,0,25,25,0.7083,0.6667,3,0
0.87,0.56,0,25,25,0.7083,0.6667,3,0
0.87,0.57,0,22,22,0.7083,0.625,3,0
0.87,0.58,0,21,21,0.7083,0.625,3,0
0.87,0.59,0,21,21,0.7083,0.5833,3,0
0.87,0.6,0,20,20,0.7083,0.5417,3,0
0.87,0.61,0,19,19,0.7083,0.5417,3,0
0.87,0.62,0,19,19,0.7083,0.5417,3,0
0.87,0.63,0,17,17,0.7083,0.5,3,0
0.87,0.64,0,17,17,0.7083,0.5,3,0
0.87,0.65,0,15,15,0.7083,0.5,3,0
0.87,0.66,0,15,15,0.7083,0.5,3,0
0.87,0.67,0,15,15,0.7083,0.5,3,0
0.87,0.68,0,13,13,0.7083,0.5,3,0
0.87,0.69,0,13,13,0.7083,0.4583,3,0
0.87,0.7,0,11,11,0.7083,0.4583,3,0
0.87,0.71,0,10,10,0.7083,0.4167,3,0
0.87,0.72,0,7,7,0.7083,0.375,3,0
0.87,0.73,0,7,7,0.7083,0.375,3,0
0.87,0.74,0,5,5,0.7083,0.375,3,0
0.87,0.75,0,3,3,0.7083,0.375,3,0
0.87,0.76,0,2,2,0.7083,0.375,3,0
0.87,0.77,0,2,2,0.7083,0.3333,3,0
0.87,0.78,0,1,1,0.7083,0.2917,3,0
0.87,0.79,0,1,1,0.7083,0.25,3,0
0.87,0.8,0,1,1,0.7083,0.2083,3,0
0.87,0.81,0,1,1,0.7083,0.1667,3,0
0.87,0.82,0,0,0,0.7083,0.1667,3,0
0.87,0.83,0,0,0,0.7083,0.1667,3,0
0.87,0.84,0,0,0,0.7083,0.1667,3,0
0.87,0.85,0,0,0,0.7083,0.1667,3,0
0.87,0.86,0,0,0,0.7083,0.1667,3,0
0.87,0.87,0,0,0,0.7083,0.125,3,0
0.88,0.4,0,32,32,0.7083,0.7083,3,0
0.88,0.41,0,32,32,0.7083,0.7083,3,0
0.88,0.42,0,32,32,0.7083,0.7083,3,0
0.88,0.43,0,32,32,0.7083,0.7083,3,0
0.88,0.44,0,32,32,0.7083,0.7083,3,0
0.88,0.45,0,32,32,0.7083,0.7083,3,0
0.88,0.46,0,32,32,0.7083,0.7083,3,0
0.88,0.47,0,32,32,0.7083,0.7083,3,0
0.88,0.48,0,32,32,0.7083,0.7083,3,0
0.88,0.49,0,31,31,0.7083,0.7083,3,0
0.88,0.5,0,31,31,0.7083,0.7083,3,0
0.88,0.51,0,30,30,0.7083,0.6667,3,0
0.88,0.52,0,28,28,0.7083,0.6667,3,0
0.88,0.53,0,28,28,0.7083,0.6667,3,0
0.88,0.54,0,26,26,0.7083,0.6667,3,0
0.88,0.55,0,25,25,0.7083,0.6667,3,0
0.88,0.56,0,25,25,0.7083,0.6667,3,0
0.88,0.57,0,22,22,0.7083,0.625,3,0
0.88,0.58,0,21,21,0.7083,0.625,3,0
0.88,0.59,0,21,21,0.7083,0.5833,3,0
0.88,0.6,0,20,20,0.7083,0.5417,3,0
0.88,0.61,0,19,19,0.7083,0.5417,3,0
0.88,0.62,0,19,19,0.7083,0.5417,3,0
0.88,0.63,0,17,17,0.7083,0.5,3,0
0.88,0.64,0,17,17,0.7083,0.5,3,0
0.88,0.65,0,15,15,0.7083,0.5,3,0
0.88,0.66,0,15,15,0.7083,0.5,3,0
0.88,0.67,0,15,15,0.7083,0.5,3,0
0.88,0.68,0,13,13,0.7083,0.5,3,0
0.88,0.69,0,13,13,0.7083,0.4583,3,0
0.88,0.7,0,11,11,0.7083,0.4583,3,0
0.88,0.71,0,10,10,0.7083,0.4167,3,0
0.88,0.72,0,7,7,0.7083,0.375,3,0
0.88,0.73,0,7,7,0.7083,0.375,3,0
0.88,0.74,0,5,5,0.7083,0.375,3,0
0.88,0.75,0,3,3,0.7083,0.375,3,0
0.88,0.76,0,2,2,0.7083,0.375,3,0
0.88,0.77,0,2,2,0.7083,0.3333,3,0
0.88,0.78,0,1,1,0.7083,0.2917,3,0
0.88,0.79,0,1,1,0.7083,0.25,3,0
0.88,0.8,0,1,1,0.7083,0.2083,3,0
0.88,0.81,0,1,1,0.7083,0.1667,3,0
0.88,0.82,0,0,0,0.7083,0.1667,3,0
0.88,0.83,0,0,0,0.7083,0.1667,3,0
0.88,0.84,0,0,0,0.7083,0.1667,3,0
0.88,0.85,0,0,0,0.7083,0.1667,3,0
0.88,0.86,0,0,0,0.7083,0.1667,3,0
0.88,0.87,0,0,0,0.7083,0.125,3,0
0.88,0.88,0,0,0,0.7083,0.125,3,0
0.89,0.4,0,32,32,0.7083,0.7083,2,0
0.89,0.41,0,32,32,0.7083,0.7083,2,0
0.89,0.42,0,32,32,0.7083,0.7083,2,0
0.89,0.43,0,32,32,0.7083,0.7083,2,0
0.89,0.44,0,32,32,0.7083,0.7083,2,0
0.89,0.45,0,32,32,0.7083,0.7083,2,0
0.89,0.46,0,32,32,0.7083,0.7083,2,0
0.89,0.47,0,32,32,0.7083,0.7083,2,0
0.89,0.48,0,32,32,0.7083,0.7083,2,0
0.89,0.49,0,31,31,0.7083,0.7083,2,0
0.89,0.5,0,31,31,0.7083,0.7083,2,0
0.89,0.51,0,30,30,0.7083,0.6667,2,0
0.89,0.52,0,28,28,0.7083,0.6667,2,0
0.89,0.53,0,28,28,0.7083,0.6667,2,0
0.89,0.54,0,26,26,0.7083,0.6667,2,0
0.89,0.55,0,25,25,0.7083,0.6667,2,0
0.89,0.56,0,25,25,0.7083,0.6667,2,0
0.89,0.57,0,22,22,0.7083,0.625,2,0
0.89,0.58,0,21,21,0.7083,0.625,2,0
0.89,0.59,0,21,21,0.7083,0.5833,2,0
0.89,0.6,0,20,20,0.7083,0.5417,2,0
0.89,0.61,0,19,19,0.7083,0.5417,2,0
0.89,0.62,0,19,19,0.7083,0.5417,2,0
0.89,0.63,0,17,17,0.7083,0.5,2,0
0.89,0.64,0,17,17,0.7083,0.5,2,0
0.89,0.65,0,15,15,0.7083,0.5,2,0
0.89,0.66,0,15,15,0.7083,0.5,2,0
0.89,0.67,0,15,15,0.7083,0.5,2,0
0.89,0.68,0,13,13,0.7083,0.5,2,0
0.89,0.69,0,13,13,0.7083,0.4583,2,0
0.89,0.7,0,11,11,0.7083,0.4583,2,0
0.89,0.71,0,10,10,0.7083,0.4167,2,0
0.89,0.72,0,7,7,0.7083,0.375,2,0
0.89,0.73,0,7,7,0.7083,0.375,2,0
0.89,0.74,0,5,5,0.7083,0.375,2,0
0.89,0.75,0,3,3,0.7083,0.375,2,0
0.89,0.76,0,2,2,0.7083,0.375,2,0
0.89,0.77,0,2,2,0.7083,0.3333,2,0
0.89,0.78,0,1,1,0.7083,0.2917,2,0
0.89,0.79,0,1,1,0.7083,0.25,2,0
0.89,0.8,0,1,1,0.7083,0.2083,2,0
0.89,0.81,0,1,1,0.7083,0.1667,2,0
0.89,0.82,0,0,0,0.7083,0.1667,2,0
0.89,0.83,0,0,0,0.7083,0.1667,2,0
0.89,0.84,0,0,0,0.7083,0.1667,2,0
0.89,0.85,0,0,0,0.7083,0.1667,2,0
0.89,0.86,0,0,0,0.7083,0.1667,2,0
0.89,0.87,0,0,0,0.7083,0.125,2,0
0.89,0.88,0,0,0,0.7083,0.125,2,0
0.89,0.89,0,0,0,0.7083,0.0833,2,0
0.9,0.4,0,32,32,0.7083,0.7083,1,0
0.9,0.41,0,32,32,0.7083,0.7083,1,0
0.9,0.42,0,32,32,0.7083,0.7083,1,0
0.9,0.43,0,32,32,0.7083,0.7083,1,0
0.9,0.44,0,32,32,0.7083,0.7083,1,0
0.9,0.45,0,32,32,0.7083,0.7083,1,0
0.9,0.46,0,32,32,0.7083,0.7083,1,0
0.9,0.47,0,32,32,0.7083,0.7083,1,0
0.9,0.48,0,32,32,0.7083,0.7083,1,0
0.9,0.49,0,31,31,0.7083,0.7083,1,0
0.9,0.5,0,31,31,0.7083,0.7083,1,0
0.9,0.51,0,30,30,0.7083,0.6667,1,0
0.9,0.52,0,28,28,0.7083,0.6667,1,0
0.9,0.53,0,28,28,0.7083,0.6667,1,0
0.9,0.54,0,26,26,0.7083,0.6667,1,0
0.9,0.55,0,25,25,0.7083,0.6667,1,0
0.9,0.56,0,25,25,0.7083,0.6667,1,0
0.9,0.57,0,22,22,0.7083,0.625,1,0
0.9,0.58,0,21,21,0.7083,0.625,1,0
0.9,0.59,0,21,21,0.7083,0.5833,1,0
0.9,0.6,0,20,20,0.7083,0.5417,1,0
0.9,0.61,0,19,19,0.7083,0.5417,1,0
0.9,0.62,0,19,19,0.7083,0.5417,1,0
0.9,0.63,0,17,17,0.7083,0.5,1,0
0.9,0.64,0,17,17,0.7083,0.5,1,0
0.9,0.65,0,15,15,0.7083,0.5,1,0
0.9,0.66,0,15,15,0.7083,0.5,1,0
0.9,0.67,0,15,15,0.7083,0.5,1,0
0.9,0.68,0,13,13,0.7083,0.5,1,0
0.9,0.69,0,13,13,0.7083,0.4583,1,0
0.9,0.7,0,11,11,0.7083,0.4583,1,0
0.9,0.71,0,10,10,0.7083,0.4167,1,0
0.9,0.72,0,7,7,0.7083,0.375,1,0
0.9,0.73,0,7,7,0.7083,0.375,1,0
0.9,0.74,0,5,5,0.7083,0.375,1,0
0.9,0.75,0,3,3,0.7083,0.375,1,0
0.9,0.76,0,2,2,0.7083,0.375,1,0
0.9,0.77,0,2,2,0.7083,0.3333,1,0
0.9,0.78,0,1,1,0.7083,0.2917,1,0
0.9,0.79,0,1,1,0.7083,0.25,1,0
0.9,0.8,0,1,1,0.7083,0.2083,1,0
0.9,0.81,0,1,1,0.7083,0.1667,1,0
0.9,0.82,0,0,0,0.7083,0.1667,1,0
0.9,0.83,0,0,0,0.7083,0.1667,1,0
0.9,0.84,0,0,0,0.7083,0.1667,1,0
0.9,0.85,0,0,0,0.7083,0.1667,1,0
0.9,0.86,0,0,0,0.7083,0.1667,1,0
0.9,0.87,0,0,0,0.7083,0.125,1,0
0.9,0.88,0,0,0,0.7083,0.125,1,0
0.9,0.89,0,0,0,0.7083,0.0833,1,0
0.9,0.9,0,0,0,0.7083,0.0417,1,0
0.91,0.4,0,32,32,0.7083,0.7083,1,0
0.91,0.41,0,32,32,0.7083,0.7083,1,0
0.91,0.42,0,32,32,0.7083,0.7083,1,0
0.91,0.43,0,32,32,0.7083,0.7083,1,0
0.91,0.44,0,32,32,0.7083,0.7083,1,0
0.91,0.45,0,32,32,0.7083,0.7083,1,0
0.91,0.46,0,32,32,0.7083,0.7083,1,0
0.91,0.47,0,32,32,0.7083,0.7083,1,0
0.91,0.48,0,32,32,0.7083,0.7083,1,0
0.91,0.49,0,31,31,0.7083,0.7083,1,0
0.91,0.5,0,31,31,0.7083,0.7083,1,0
0.91,0.51,0,30,30,0.7083,0.6667,1,0
0.91,0.52,0,28,28,0.7083,0.6667,1,0
0.91,0.53,0,28,28,0.7083,0.6667,1,0
0.91,0.54,0,26,26,0.7083,0.6667,1,0
0.91,0.55,0,25,25,0.7083,0.6667,1,0
0.91,0.56,0,25,25,0.7083,0.6667,1,0
0.91,0.57,0,22,22,0.7083,0.625,1,0
0.91,0.58,0,21,21,0.7083,0.625,1,0
0.91,0.59,0,21,21,0.7083,0.5833,1,0
0.91,0.6,0,20,20,0.7083,0.5417,1,0
0.91,0.61,0,19,19,0.7083,0.5417,1,0
0.91,0.62,0,19,19,0.7083,0.5417,1,0
0.91,0.63,0,17,17,0.7083,0.5,1,0
0.91,0.64,0,17,17,0.7083,0.5,1,0
0.91,0.65,0,15,15,0.7083,0.5,1,0
0.91,0.66,0,15,15,0.7083,0.5,1,0
0.91,0.67,0,15,15,0.7083,0.5,1,0
0.91,0.68,0,13,13,0.7083,0.5,1,0
0.91,0.69,0,13,13,0.7083,0.4583,1,0
0.91,0.7,0,11,11,0.7083,0.4583,1,0
0.91,0.71,0,10,10,0.7083,0.4167,1,0
0.91,0.72,0,7,7,0.7083,0.375,1,0
0.91,0.73,0,7,7,0.7083,0.375,1,0
0.91,0.74,0,5,5,0.7083,0.375,1,0
0.91,0.75,0,3,3,0.7083,0.375,1,0
0.91,0.76,0,2,2,0.7083,0.375,1,0
0.91,0.77,0,2,2,0.7083,0.3333,1,0
0.91,0.78,0,1,1,0.7083,0.2917,1,0
0.91,0.79,0,1,1,0.7083,0.25,1,0
0.91,0.8,0,1,1,0.7083,0.2083,1,0
0.91,0.81,0,1,1,0.7083,0.1667,1,0
0.91,0.82,0,0,0,0.7083,0.1667,1,0
0.91,0.83,0,0,0,0.7083,0.1667,1,0
0.91,0.84,0,0,0,0.7083,0.1667,1,0
0.91,0.85,0,0,0,0.7083,0.1667,1,0
0.91,0.86,0,0,0,0.7083,0.1667,1,0
0.91,0.87,0,0,0,0.7083,0.125,1,0
0.91,0.88,0,0,0,0.7083,0.125,1,0
0.91,0.89,0,0,0,0.7083,0.0833,1,0
0.91,0.9,0,0,0,0.7083,0.0417,1,0
0.91,0.91,0,0,0,0.7083,0.0417,1,0
0.92,0.4,0,32,32,0.7083,0.7083,0,0
0.92,0.41,0,32,32,0.7083,0.7083,0,0
0.92,0.42,0,32,32,0.7083,0.7083,0,0
0.92,0.43,0,32,32,0.7083,0.7083,0,0
0.92,0.44,0,32,32,0.7083,0.7083,0,0
0.92,0.45,0,32,32,0.7083,0.7083,0,0
0.92,0.46,0,32,32,0.7083,0.7083,0,0
0.92,0.47,0,32,32,0.7083,0.7083,0,0
0.92,0.48,0,32,32,0.7083,0.7083,0,0
0.92,0.49,0,31,31,0.7083,0.7083,0,0
0.92,0.5,0,31,31,0.7083,0.7083,0,0
0.92,0.51,0,30,30,0.7083,0.6667,0,0
0.92,0.52,0,28,28,0.7083,0.6667,0,0
0.92,0.53,0,28,28,0.7083,0.6667,0,0
0.92,0.54,0,26,26,0.7083,0.6667,0,0
0.92,0.55,0,25,25,0.7083,0.6667,0,0
0.92,0.56,0,25,25,0.7083,0.6667,0,0
0.92,0.57,0,22,22,0.7083,0.625,0,0
0.92,0.58,0,21,21,0.7083,0.625,0,0
0.92,0.59,0,21,21,0.7083,0.5833,0,0
0.92,0.6,0,20,20,0.7083,0.5417,0,0
0.92,0.61,0,19,19,0.7083,0.5417,0,0
0.92,0.62,0,19,19,0.7083,0.5417,0,0
0.92,0.63,0,17,17,0.7083,0.5,0,0
0.92,0.64,0,17,17,0.7083,0.5,0,0
0.92,0.65,0,15,15,0.7083,0.5,0,0
0.92,0.66,0,15,15,0.7083,0.5,0,0
0.92,0.67,0,15,15,0.7083,0.5,0,0
0.92,0.68,0,13,13,0.7083,0.5,0,0
0.92,0.69,0,13,13,0.7083,0.4583,0,0
0.92,0.7,0,11,11,0.7083,0.4583,0,0
0.92,0.71,0,10,10,0.7083,0.4167,0,0
0.92,0.72,0,7,7,0.7083,0.375,0,0
0.92,0.73,0,7,7,0.7083,0.375,0,0
0.92,0.74,0,5,5,0.7083,0.375,0,0
0.92,0.75,0,3,3,0.7083,0.375,0,0
0.92,0.76,0,2,2,0.7083,0.375,0,0
0.92,0.77,0,2,2,0.7083,0.3333,0,0
0.92,0.78,0,1,1,0.7083,0.2917,0,0
0.92,0.79,0,1,1,0.7083,0.25,0,0
0.92,0.8,0,1,1,0.7083,0.2083,0,0
0.92,0.81,0,1,1,0.7083,0.1667,0,0
0.92,0.82,0,0,0,0.7083,0.1667,0,0
0.92,0.83,0,0,0,0.7083,0.1667,0,0
0.92,0.84,0,0,0,0.7083,0.1667,0,0
0.92,0.85,0,0,0,0.7083,0.1667,0,0
0.92,0.86,0,0,0,0.7083,0.1667,0,0
0.92,0.87,0,0,0,0.7083,0.125,0,0
0.92,0.88,0,0,0,0.7083,0.125,0,0
0.92,0.89,0,0,0,0.7083,0.0833,0,0
0.92,0.9,0,0,0,0.7083,0.0417,0,0
0.92,0.91,0,0,0,0.7083,0.0417,0,0
0.92,0.92,0,0,0,0.7083,0.0,0,0
0.93,0.4,0,32,32,0.7083,0.7083,0,0
0.93,0.41,0,32,32,0.7083,0.7083,0,0
0.93,0.42,0,32,32,0.7083,0.7083,0,0
0.93,0.43,0,32,32,0.7083,0.7083,0,0
0.93,0.44,0,32,32,0.7083,0.7083,0,0
0.93,0.45,0,32,32,0.7083,0.7083,0,0
0.93,0.46,0,32,32,0.7083,0.7083,0,0
0.93,0.47,0,32,32,0.7083,0.7083,0,0
0.93,0.48,0,32,32,0.7083,0.7083,0,0
0.93,0.49,0,31,31,0.7083,0.7083,0,0
0.93,0.5,0,31,31,0.7083,0.7083,0,0
0.93,0.51,0,30,30,0.7083,0.6667,0,0
0.93,0.52,0,28,28,0.7083,0.6667,0,0
0.93,0.53,0,28,28,0.7083,0.6667,0,0
0.93,0.54,0,26,26,0.7083,0.6667,0,0
0.93,0.55,0,25,25,0.7083,0.6667,0,0
0.93,0.56,0,25,25,0.7083,0.6667,0,0
0.93,0.57,0,22,22,0.7083,0.625,0,0
0.93,0.58,0,21,21,0.7083,0.625,0,0
0.93,0.59,0,21,21,0.7083,0.5833,0,0
0.93,0.6,0,20,20,0.7083,0.5417,0,0
0.93,0.61,0,19,19,0.7083,0.5417,0,0
0.93,0.62,0,19,19,0.7083,0.5417,0,0
0.93,0.63,0,17,17,0.7083,0.5,0,0
0.93,0.64,0,17,17,0.7083,0.5,0,0
0.93,0.65,0,15,15,0.7083,0.5,0,0
0.93,0.66,0,15,15,0.7083,0.5,0,0
0.93,0.67,0,15,15,0.7083,0.5,0,0
0.93,0.68,0,13,13,0.7083,0.5,0,0
0.93,0.69,0,13,13,0.7083,0.4583,0,0
0.93,0.7,0,11,11,0.7083,0.4583,0,0
0.93,0.71,0,10,10,0.7083,0.4167,0,0
0.93,0.72,0,7,7,0.7083,0.375,0,0
0.93,0.73,0,7,7,0.7083,0.375,0,0
0.93,0.74,0,5,5,0.7083,0.375,0,0
0.93,0.75,0,3,3,0.7083,0.375,0,0
0.93,0.76,0,2,2,0.7083,0.375,0,0
0.93,0.77,0,2,2,0.7083,0.3333,0,0
0.93,0.78,0,1,1,0.7083,0.2917,0,0
0.93,0.79,0,1,1,0.7083,0.25,0,0
0.93,0.8,0,1,1,0.7083,0.2083,0,0
0.93,0.81,0,1,1,0.7083,0.1667,0,0
0.93,0.82,0,0,0,0.7083,0.1667,0,0
0.93,0.83,0,0,0,0.7083,0.1667,0,0
0.93,0.84,0,0,0,0.7083,0.1667,0,0
0.93,0.85,0,0,0,0.7083,0.1667,0,0
0.93,0.86,0,0,0,0.7083,0.1667,0,0
0.93,0.87,0,0,0,0.7083,0.125,0,0
0.93,0.88,0,0,0,0.7083,0.125,0,0
0.93,0.89,0,0,0,0.7083,0.0833,0,0
0.93,0.9,0,0,0,0.7083,0.0417,0,0
0.93,0.91,0,0,0,0.7083,0.0417,0,0
0.93,0.92,0,0,0,0.7083,0.0,0,0
0.93,0.93,0,0,0,0.7083,0.0,0,0
0.94,0.4,0,32,32,0.7083,0.7083,0,0
0.94,0.41,0,32,32,0.7083,0.7083,0,0
0.94,0.42,0,32,32,0.7083,0.7083,0,0
0.94,0.43,0,32,32,0.7083,0.7083,0,0
0.94,0.44,0,32,32,0.7083,0.7083,0,0
0.94,0.45,0,32,32,0.7083,0.7083,0,0
0.94,0.46,0,32,32,0.7083,0.7083,0,0
0.94,0.47,0,32,32,0.7083,0.7083,0,0
0.94,0.48,0,32,32,0.7083,0.7083,0,0
0.94,0.49,0,31,31,0.7083,0.7083,0,0
0.94,0.5,0,31,31,0.7083,0.7083,0,0
0.94,0.51,0,30,30,0.7083,0.6667,0,0
0.94,0.52,0,28,28,0.7083,0.6667,0,0
0.94,0.53,0,28,28,0.7083,0.6667,0,0
0.94,0.54,0,26,26,0.7083,0.6667,0,0
0.94,0.55,0,25,25,0.7083,0.6667,0,0
0.94,0.56,0,25,25,0.7083,0.6667,0,0
0.94,0.57,0,22,22,0.7083,0.625,0,0
0.94,0.58,0,21,21,0.7083,0.625,0,0
0.94,0.59,0,21,21,0.7083,0.5833,0,0
0.94,0.6,0,20,20,0.7083,0.5417,0,0
0.94,0.61,0,19,19,0.7083,0.5417,0,0
0.94,0.62,0,19,19,0.7083,0.5417,0,0
0.94,0.63,0,17,17,0.7083,0.5,0,0
0.94,0.64,0,17,17,0.7083,0.5,0,0
0.94,0.65,0,15,15,0.7083,0.5,0,0
0.94,0.66,0,15,15,0.7083,0.5,0,0
0.94,0.67,0,15,15,0.7083,0.5,0,0
0.94,0.68,0,13,13,0.7083,0.5,0,0
0.94,0.69,0,13,13,0.7083,0.4583,0,0
0.94,0.7,0,11,11,0.7083,0.4583,0,0
0.94,0.71,0,10,10,0.7083,0.4167,0,0
0.94,0.72,0,7,7,0.7083,0.375,0,0
0.94,0.73,0,7,7,0.7083,0.375,0,0
0.94,0.74,0,5,5,0.7083,0.375,0,0
0.94,0.75,0,3,3,0.7083,0.375,0,0
0.94,0.76,0,2,2,0.7083,0.375,0,0
0.94,0.77,0,2,2,0.7083,0.3333,0,0
0.94,0.78,0,1,1,0.7083,0.2917,0,0
0.94,0.79,0,1,1,0.7083,0.25,0,0
0.94,0.8,0,1,1,0.7083,0.2083,0,0
0.94,0.81,0,1,1,0.7083,0.1667,0,0
0.94,0.82,0,0,0,0.7083,0.1667,0,0
0.94,0.83,0,0,0,0.7083,0.1667,0,0
0.94,0.84,0,0,0,0.7083,0.1667,0,0
0.94,0.85,0,0,0,0.7083,0.1667,0,0
0.94,0.86,0,0,0,0.7083,0.1667,0,0
0.94,0.87,0,0,0,0.7083,0.125,0,0
0.94,0.88,0,0,0,0.7083,0.125,0,0
0.94,0.89,0,0,0,0.7083,0.0833,0,0
0.94,0.9,0,0,0,0.7083,0.0417,0,0
0.94,0.91,0,0,0,0.7083,0.0417,0,0
0.94,0.92,0,0,0,0.7083,0.0,0,0
0.94,0.93,0,0,0,0.7083,0.0,0,0
0.94,0.94,0,0,0,0.7083,0.0,0,0
0.95,0.4,0,32,32,0.7083,0.7083,0,0
0.95,0.41,0,32,32,0.7083,0.7083,0,0
0.95,0.42,0,32,32,0.7083,0.7083,0,0
0.95,0.43,0,32,32,0.7083,0.7083,0,0
0.95,0.44,0,32,32,0.7083,0.7083,0,0
0.95,0.45,0,32,32,0.7083,0.7083,0,0
0.95,0.46,0,32,32,0.7083,0.7083,0,0
0.95,0.47,0,32,32,0.7083,0.7083,0,0
0.95,0.48,0,32,32,0.7083,0.7083,0,0
0.95,0.49,0,31,31,0.7083,0.7083,0,0
0.95,0.5,0,31,31,0.7083,0.7083,0,0
0.95,0.51,0,30,30,0.7083,0.6667,0,0
0.95,0.52,0,28,28,0.7083,0.6667,0,0
0.95,0.53,0,28,28,0.7083,0.6667,0,0
0.95,0.54,0,26,26,0.7083,0.6667,0,0
0.95,0.55,0,25,25,0.7083,0.6667,0,0
0.95,0.56,0,25,25,0.7083,0.6667,0,0
0.95,0.57,0,22,22,0.7083,0.625,0,0
0.95,0.58,0,21,21,0.7083,0.625,0,0
0.95,0.59,0,21,21,0.7083,0.5833,0,0
0.95,0.6,0,20,20,0.7083,0.5417,0,0
0.95,0.61,0,19,19,0.7083,0.5417,0,0
0.95,0.62,0,19,19,0.7083,0.5417,0,0
0.95,0.63,0,17,17,0.7083,0.5,0,0
0.95,0.64,0,17,17,0.7083,0.5,0,0
0.95,0.65,0,15,15,0.7083,0.5,0,0
0.95,0.66,0,15,15,0.7083,0.5,0,0
0.95,0.67,0,15,15,0.7083,0.5,0,0
0.95,0.68,0,13,13,0.7083,0.5,0,0
0.95,0.69,0,13,13,0.7083,0.4583,0,0
0.95,0.7,0,11,11,0.7083,0.4583,0,0
0.95,0.71,0,10,10,0.7083,0.4167,0,0
0.95,0.72,0,7,7,0.7083,0.375,0,0
0.95,0.73,0,7,7,0.7083,0.375,0,0
0.95,0.74,0,5,5,0.7083,0.375,0,0
0.95,0.75,0,3,3,0.7083,0.375,0,0
0.95,0.76,0,2,2,0.7083,0.375,0,0
0.95,0.77,0,2,2,0.7083,0.3333,0,0
0.95,0.78,0,1,1,0.7083,0.2917,0,0
0.95,0.79,0,1,1,0.7083,0.25,0,0
0.95,0.8,0,1,1,0.7083,0.2083,0,0
0.95,0.81,0,1,1,0.7083,0.1667,0,0
0.95,0.82,0,0,0,0.7083,0.1667,0,0
0.95,0.83,0,0,0,0.7083,0.1667,0,0
0.95,0.84,0,0,0,0.7083,0.1667,0,0
0.95,0.85,0,0,0,0.7083,0.1667,0,0
0.95,0.86,0,0,0,0.7083,0.1667,0,0
0.95,0.87,0,0,0,0.7083,0.125,0,0
0.95,0.88,0,0,0,0.7083,0.125,0,0
0.95,0.89,0,0,0,0.7083,0.0833,0,0
0.95,0.9,0,0,0,0.7083,0.0417,0,0
0.95,0.91,0,0,0,0.7083,0.0417,0,0
0.95,0.92,0,0,0,0.7083,0.0,0,0
0.95,0.93,0,0,0,0.7083,0.0,0,0
0.95,0.94,0,0,0,0.7083,0.0,0,0
0.95,0.95,0,0,0,0.7083,0.0,0,0
0.96,0.4,0,32,32,0.7083,0.7083,0,0
0.96,0.41,0,32,32,0.7083,0.7083,0,0
0.96,0.42,0,32,32,0.7083,0.7083,0,0
0.96,0.43,0,32,32,0.7083,0.7083,0,0
0.96,0.44,0,32,32,0.7083,0.7083,0,0
0.96,0.45,0,32,32,0.7083,0.7083,0,0
0.96,0.46,0,32,32,0.7083,0.7083,0,0
0.96,0.47,0,32,32,0.7083,0.7083,0,0
0.96,0.48,0,32,32,0.7083,0.7083,0,0
0.96,0.49,0,31,31,0.7083,0.7083,0,0
0.96,0.5,0,31,31,0.7083,0.7083,0,0
0.96,0.51,0,30,30,0.7083,0.6667,0,0
0.96,0.52,0,28,28,0.7083,0.6667,0,0
0.96,0.53,0,28,28,0.7083,0.6667,0,0
0.96,0.54,0,26,26,0.7083,0.6667,0,0
0.96,0.55,0,25,25,0.7083,0.6667,0,0
0.96,0.56,0,25,25,0.7083,0.6667,0,0
0.96,0.57,0,22,22,0.7083,0.625,0,0
0.96,0.58,0,21,21,0.7083,0.625,0,0
0.96,0.59,0,21,21,0.7083,0.5833,0,0
0.96,0.6,0,20,20,0.7083,0.5417,0,0
0.96,0.61,0,19,19,0.7083,0.5417,0,0
0.96,0.62,0,19,19,0.7083,0.5417,0,0
0.96,0.63,0,17,17,0.7083,0.5,0,0
0.96,0.64,0,17,17,0.7083,0.5,0,0
0.96,0.65,0,15,15,0.7083,0.5,0,0
0.96,0.66,0,15,15,0.7083,0.5,0,0
0.96,0.67,0,15,15,0.7083,0.5,0,0
0.96,0.68,0,13,13,0.7083,0.5,0,0
0.96,0.69,0,13,13,0.7083,0.4583,0,0
0.96,0.7,0,11,11,0.7083,0.4583,0,0
0.96,0.71,0,10,10,0.7083,0.4167,0,0
0.96,0.72,0,7,7,0.7083,0.375,0,0
0.96,0.73,0,7,7,0.7083,0.375,0,0
0.96,0.74,0,5,5,0.7083,0.375,0,0
0.96,0.75,0,3,3,0.7083,0.375,0,0
0.96,0.76,0,2,2,0.7083,0.375,0,0
0.96,0.77,0,2,2,0.7083,0.3333,0,0
0.96,0.78,0,1,1,0.7083,0.2917,0,0
0.96,0.79,0,1,1,0.7083,0.25,0,0
0.96,0.8,0,1,1,0.7083,0.2083,0,0
0.96,0.81,0,1,1,0.7083,0.1667,0,0
0.96,0.82,0,0,0,0.7083,0.1667,0,0
0.96,0.83,0,0,0,0.7083,0.1667,0,0
0.96,0.84,0,0,0,0.7083,0.1667,0,0
0.96,0.85,0,0,0,0.7083,0.1667,0,0
0.96,0.86,0,0,0,0.7083,0.1667,0,0
0.96,0.87,0,0,0,0.7083,0.125,0,0
0.96,0.88,0,0,0,0.7083,0.125,0,0
0.96,0.89,0,0,0,0.7083,0.0833,0,0
0.96,0.9,0,0,0,0.7083,0.0417,0,0
0.96,0.91,0,0,0,0.7083,0.0417,0,0
0.96,0.92,0,0,0,0.7083,0.0,0,0
0.96,0.93,0,0,0,0.7083,0.0,0,0
0.96,0.94,0,0,0,0.7083,0.0,0,0
0.96,0.95,0,0,0,0.7083,0.0,0,0
0.96,0.96,0,0,0,0.7083,0.0,0,0
0.97,0.4,0,32,32,0.7083,0.7083,0,0
0.97,0.41,0,32,32,0.7083,0.7083,0,0
0.97,0.42,0,32,32,0.7083,0.7083,0,0
0.97,0.43,0,32,32,0.7083,0.7083,0,0
0.97,0.44,0,32,32,0.7083,0.7083,0,0
0.97,0.45,0,32,32,0.7083,0.7083,0,0
0.97,0.46,0,32,32,0.7083,0.7083,0,0
0.97,0.47,0,32,32,0.7083,0.7083,0,0
0.97,0.48,0,32,32,0.7083,0.7083,0,0
0.97,0.49,0,31,31,0.7083,0.7083,0,0
0.97,0.5,0,31,31,0.7083,0.7083,0,0
0.97,0.51,0,30,30,0.7083,0.6667,0,0
0.97,0.52,0,28,28,0.7083,0.6667,0,0
0.97,0.53,0,28,28,0.7083,0.6667,0,0
0.97,0.54,0,26,26,0.7083,0.6667,0,0
0.97,0.55,0,25,25,0.7083,0.6667,0,0
0.97,0.56,0,25,25,0.7083,0.6667,0,0
0.97,0.57,0,22,22,0.7083,0.625,0,0
0.97,0.58,0,21,21,0.7083,0.625,0,0
0.97,0.59,0,21,21,0.7083,0.5833,0,0
0.97,0.6,0,20,20,0.7083,0.5417,0,0
0.97,0.61,0,19,19,0.7083,0.5417,0,0
0.97,0.62,0,19,19,0.7083,0.5417,0,0
0.97,0.63,0,17,17,0.7083,0.5,0,0
0.97,0.64,0,17,17,0.7083,0.5,0,0
0.97,0.65,0,15,15,0.7083,0.5,0,0
0.97,0.66,0,15,15,0.7083,0.5,0,0
0.97,0.67,0,15,15,0.7083,0.5,0,0
0.97,0.68,0,13,13,0.7083,0.5,0,0
0.97,0.69,0,13,13,0.7083,0.4583,0,0
0.97,0.7,0,11,11,0.7083,0.4583,0,0
0.97,0.71,0,10,10,0.7083,0.4167,0,0
0.97,0.72,0,7,7,0.7083,0.375,0,0
0.97,0.73,0,7,7,0.7083,0.375,0,0
0.97,0.74,0,5,5,0.7083,0.375,0,0
0.97,0.75,0,3,3,0.7083,0.375,0,0
0.97,0.76,0,2,2,0.7083,0.375,0,0
0.97,0.77,0,2,2,0.7083,0.3333,0,0
0.97,0.78,0,1,1,0.7083,0.2917,0,0
0.97,0.79,0,1,1,0.7083,0.25,0,0
0.97,0.8,0,1,1,0.7083,0.2083,0,0
0.97,0.81,0,1,1,0.7083,0.1667,0,0
0.97,0.82,0,0,0,0.7083,0.1667,0,0
0.97,0.83,0,0,0,0.7083,0.1667,0,0
0.97,0.84,0,0,0,0.7083,0.1667,0,0
0.97,0.85,0,0,0,0.7083,0.1667,0,0
0.97,0.86,0,0,0,0.7083,0.1667,0,0
0.97,0.87,0,0,0,0.7083,0.125,0,0
0.97,0.88,0,0,0,0.7083,0.125,0,0
0.97,0.89,0,0,0,0.7083,0.0833,0,0
0.97,0.9,0,0,0,0.7083,0.0417,0,0
0.97,0.91,0,0,0,0.7083,0.0417,0,0
0.97,0.92,0,0,0,0.7083,0.0,0,0
0.97,0.93,0,0,0,0.7083,0.0,0,0
0.97,0.94,0,0,0,0.7083,0.0,0,0
0.97,0.95,0,0,0,0.7083,0.0,0,0
0.97,0.96,0,0,0,0.7083,0.0,0,0
0.97,0.97,0,0,0,0.7083,0.0,0,0
0.98,0.4,0,32,32,0.7083,0.7083,0,0
0.98,0.41,0,32,32,0.7083,0.7083,0,0
0.98,0.42,0,32,32,0.7083,0.7083,0,0
0.98,0.43,0,32,32,0.7083,0.7083,0,0
0.98,0.44,0,32,32,0.7083,0.7083,0,0
0.98,0.45,0,32,32,0.7083,0.7083,0,0
0.98,0.46,0,32,32,0.7083,0.7083,0,0
0.98,0.47,0,32,32,0.7083,0.7083,0,0
0.98,0.48,0,32,32,0.7083,0.7083,0,0
0.98,0.49,0,31,31,0.7083,0.7083,0,0
0.98,0.5,0,31,31,0.7083,0.7083,0,0
0.98,0.51,0,30,30,0.7083,0.6667,0,0
0.98,0.52,0,28,28,0.7083,0.6667,0,0
0.98,0.53,0,28,28,0.7083,0.6667,0,0
0.98,0.54,0,26,26,0.7083,0.6667,0,0
0.98,0.55,0,25,25,0.7083,0.6667,0,0
0.98,0.56,0,25,25,0.7083,0.6667,0,0
0.98,0.57,0,22,22,0.7083,0.625,0,0
0.98,0.58,0,21,21,0.7083,0.625,0,0
0.98,0.59,0,21,21,0.7083,0.5833,0,0
0.98,0.6,0,20,20,0.7083,0.5417,0,0
0.98,0.61,0,19,19,0.7083,0.5417,0,0
0.98,0.62,0,19,19,0.7083,0.5417,0,0
0.98,0.63,0,17,17,0.7083,0.5,0,0
0.98,0.64,0,17,17,0.7083,0.5,0,0
0.98,0.65,0,15,15,0.7083,0.5,0,0
0.98,0.66,0,15,15,0.7083,0.5,0,0
0.98,0.67,0,15,15,0.7083,0.5,0,0
0.98,0.68,0,13,13,0.7083,0.5,0,0
0.98,0.69,0,13,13,0.7083,0.4583,0,0
0.98,0.7,0,11,11,0.7083,0.4583,0,0
0.98,0.71,0,10,10,0.7083,0.4167,0,0
0.98,0.72,0,7,7,0.7083,0.375,0,0
0.98,0.73,0,7,7,0.7083,0.375,0,0
0.98,0.74,0,5,5,0.7083,0.375,0,0
0.98,0.75,0,3,3,0.7083,0.375,0,0
0.98,0.76,0,2,2,0.7083,0.375,0,0
0.98,0.77,0,2,2,0.7083,0.3333,0,0
0.98,0.78,0,1,1,0.7083,0.2917,0,0
0.98,0.79,0,1,1,0.7083,0.25,0,0
0.98,0.8,0,1,1,0.7083,0.2083,0,0
0.98,0.81,0,1,1,0.7083,0.1667,0,0
0.98,0.82,0,0,0,0.7083,0.1667,0,0
0.98,0.83,0,0,0,0.7083,0.1667,0,0
0.98,0.84,0,0,0,0.7083,0.1667,0,0
0.98,0.85,0,0,0,0.7083,0.1667,0,0
0.98,0.86,0,0,0,0.7083,0.1667,0,0
0.98,0.87,0,0,0,0.7083,0.125,0,0
0.98,0.88,0,0,0,0.7083,0.125,0,0
0.98,0.89,0,0,0,0.7083,0.0833,0,0
0.98,0.9,0,0,0,0.7083,0.0417,0,0
0.98,0.91,0,0,0,0.7083,0.0417,0,0
0.98,0.92,0,0,0,0.7083,0.0,0,0
0.98,0.93,0,0,0,0.7083,0.0,0,0
0.98,0.94,0,0,0,0.7083,0.0,0,0
0.98,0.95,0,0,0,0.7083,0.0,0,0
0.98,0.96,0,0,0,0.7083,0.0,0,0
0.98,0.97,0,0,0,0.7083,0.0,0,0
0.98,0.98,0,0,0,0.7083,0.0,0,0
0.99,0.4,0,32,32,0.7083,0.7083,0,0
0.99,0.41,0,32,32,0.7083,0.7083,0,0
0.99,0.42,0,32,32,0.7083,0.7083,0,0
0.99,0.43,0,32,32,0.7083,0.7083,0,0
0.99,0.44,0,32,32,0.7083,0.7083,0,0
0.99,0.45,0,32,32,0.7083,0.7083,0,0
0.99,0.46,0,32,32,0.7083,0.7083,0,0
0.99,0.47,0,32,32,0.7083,0.7083,0,0
0.99,0.48,0,32,32,0.7083,0.7083,0,0
0.99,0.49,0,31,31,0.7083,0.7083,0,0
0.99,0.5,0,31,31,0.7083,0.7083,0,0
0.99,0.51,0,30,30,0.7083,0.6667,0,0
0.99,0.52,0,28,28,0.7083,0.6667,0,0
0.99,0.53,0,28,28,0.7083,0.6667,0,0
0.99,0.54,0,26,26,0.7083,0.6667,0,0
0.99,0.55,0,25,25,0.7083,0.6667,0,0
0.99,0.56,0,25,25,0.7083,0.6667,0,0
0.99,0.57,0,22,22,0.7083,0.625,0,0
0.99,0.58,0,21,21,0.7083,0.625,0,0
0.99,0.59,0,21,21,0.7083,0.5833,0,0
0.99,0.6,0,20,20,0.7083,0.5417,0,0
0.99,0.61,0,19,19,0.7083,0.5417,0,0
0.99,0.62,0,19,19,0.7083,0.5417,0,0
0.99,0.63,0,17,17,0.7083,0.5,0,0
0.99,0.64,0,17,17,0.7083,0.5,0,0
0.99,0.65,0,15,15,0.7083,0.5,0,0
0.99,0.66,0,15,15,0.7083,0.5,0,0
0.99,0.67,0,15,15,0.7083,0.5,0,0
0.99,0.68,0,13,13,0.7083,0.5,0,0
0.99,0.69,0,13,13,0.7083,0.4583,0,0
0.99,0.7,0,11,11,0.7083,0.4583,0,0
0.99,0.71,0,10,10,0.7083,0.4167,0,0
0.99,0.72,0,7,7,0.7083,0.375,0,0
0.99,0.73,0,7,7,0.7083,0.375,0,0
0.99,0.74,0,5,5,0.7083,0.375,0,0
0.99,0.75,0,3,3,0.7083,0.375,0,0
0.99,0.76,0,2,2,0.7083,0.375,0,0
0.99,0.77,0,2,2,0.7083,0.3333,0,0
0.99,0.78,0,1,1,0.7083,0.2917,0,0
0.99,0.79,0,1,1,0.7083,0.25,0,0
0.99,0.8,0,1,1,0.7083,0.2083,0,0
0.99,0.81,0,1,1,0.7083,0.1667,0,0
0.99,0.82,0,0,0,0.7083,0.1667,0,0
0.99,0.83,0,0,0,0.7083,0.1667,0,0
0.99,0.84,0,0,0,0.7083,0.1667,0,0
0.99,0.85,0,0,0,0.7083,0.1667,0,0
0.99,0.86,0,0,0,0.7083,0.1667,0,0
0.99,0.87,0,0,0,0.7083,0.125,0,0
0.99,0.88,0,0,0,0.7083,0.125,0,0
0.99,0.89,0,0,0,0.7083,0.0833,0,0
0.99,0.9,0,0,0,0.7083,0.0417,0,0
0.99,0.91,0,0,0,0.7083,0.0417,0,0
0.99,0.92,0,0,0,0.7083,0.0,0,0
0.99,0.93,0,0,0,0.7083,0.0,0,0
0.99,0.94,0,0,0,0.7083,0.0,0,0
0.99,0.95,0,0,0,0.7083,0.0,0,0
0.99,0.96,0,0,0,0.7083,0.0,0,0
0.99,0.97,0,0,0,0.7083,0.0,0,0
0.99,0.98,0,0,0,0.7083,0.0,0,0
0.99,0.99,0,0,0,0.7083,0.0,0,0
