cluster,tamanho,top_termos,nota_coerencia,comentario
2,23,"igreja, joinville, igreja católica, católica, católicos, igreja joinville, quatro marcos, petistas atirando",2,
3,21,"maçonaria, quadro, baphomet, quadro baphomet, bolsonaro maçonaria, nordestinos montagem, tatuou ânus, ânus",2,
7,28,"dinheiro vivo, salários, 25, auxílio, aposentadoria, vivo, orçamento, outros",3,
13,122,"traficante, rainha, elizabeth, elizabeth ii, rainha elizabeth, ii, comício, bandidos",1,
18,22,"escolas, governo lula, gênero, banheiros, ideologia, banheiro, unissex, ideologia gênero",3,
21,37,"russos, hackers, eleições brasil, eleição brasileira, hackers russos, brasileira, putin, sueca",3,
23,54,"pesquisa ipec, ipec, liderança, bolsonaro frente, pesquisa, bolsonaro liderança, frente pesquisa, ipec divulgada",3,
27,24,"sindicato, alegre, porto alegre, porto, modificadas, descartadas, metalúrgicos, modificadas sindicato",1,
30,77,"fraude urnas, títulos, títulos eleitor, ciro gomes, fraude, notícias, ex deputado, falsa informação",2,
32,30,"votaram segundo, votaram, prova vida, vida, conferir, eleitor, inss, debate presidencial",1,
