indice,familia,modelo,variante,categoria,recall@1,recall@5,recall@10,mrr,n,seg_por_mil_textos
2022,multilíngue,sentence-transformers/paraphrase-multilingual-MiniLM-L12-v2,bruta,apelido,0.98,1.0,1.0,0.99,100,0.7913714902807476
2022,multilíngue,sentence-transformers/paraphrase-multilingual-MiniLM-L12-v2,bruta,apelido+girias,0.65,0.8,0.86,0.7179127133888256,100,0.7913714902807476
2022,multilíngue,sentence-transformers/paraphrase-multilingual-MiniLM-L12-v2,bruta,digitacao,0.94,0.99,0.99,0.9638888888888889,100,0.7913714902807476
2022,multilíngue,sentence-transformers/paraphrase-multilingual-MiniLM-L12-v2,bruta,girias,0.67,0.89,0.96,0.7644548294495103,100,0.7913714902807476
2022,multilíngue,sentence-transformers/paraphrase-multilingual-MiniLM-L12-v2,bruta,negacao,0.72,0.99,0.99,0.8368809523809523,100,0.7913714902807476
2022,multilíngue,sentence-transformers/paraphrase-multilingual-MiniLM-L12-v2,bruta,parafrase_real,0.5588235294117647,0.8823529411764706,0.9705882352941176,0.7152088107970461,34,0.7913714902807476
2022,multilíngue,sentence-transformers/paraphrase-multilingual-MiniLM-L12-v2,condicional,apelido,0.99,1.0,1.0,0.995,100,0.7913714902807476
2022,multilíngue,sentence-transformers/paraphrase-multilingual-MiniLM-L12-v2,condicional,apelido+girias,0.99,1.0,1.0,0.9933333333333333,100,0.7913714902807476
2022,multilíngue,sentence-transformers/paraphrase-multilingual-MiniLM-L12-v2,condicional,digitacao,0.94,0.99,0.99,0.9638888888888889,100,0.7913714902807476
2022,multilíngue,sentence-transformers/paraphrase-multilingual-MiniLM-L12-v2,condicional,girias,1.0,1.0,1.0,1.0,100,0.7913714902807476
2022,multilíngue,sentence-transformers/paraphrase-multilingual-MiniLM-L12-v2,condicional,negacao,0.72,0.99,0.99,0.8368809523809523,100,0.7913714902807476
2022,multilíngue,sentence-transformers/paraphrase-multilingual-MiniLM-L12-v2,condicional,parafrase_real,0.5588235294117647,0.8823529411764706,0.9705882352941176,0.7152088107970461,34,0.7913714902807476
2022,multilíngue,sentence-transformers/paraphrase-multilingual-mpnet-base-v2,bruta,apelido,0.99,1.0,1.0,0.995,100,2.1226232678183914
2022,multilíngue,sentence-transformers/paraphrase-multilingual-mpnet-base-v2,bruta,apelido+girias,0.64,0.85,0.88,0.7257455035002,100,2.1226232678183914
2022,multilíngue,sentence-transformers/paraphrase-multilingual-mpnet-base-v2,bruta,digitacao,0.97,1.0,1.0,0.9808333333333334,100,2.1226232678183914
2022,multilíngue,sentence-transformers/paraphrase-multilingual-mpnet-base-v2,bruta,girias,0.8,0.93,0.98,0.8610481038569273,100,2.1226232678183914
2022,multilíngue,sentence-transformers/paraphrase-multilingual-mpnet-base-v2,bruta,negacao,0.64,0.94,0.99,0.7732698412698413,100,2.1226232678183914
2022,multilíngue,sentence-transformers/paraphrase-multilingual-mpnet-base-v2,bruta,parafrase_real,0.5588235294117647,0.8823529411764706,0.9705882352941176,0.7125127323656735,34,2.1226232678183914
2022,multilíngue,sentence-transformers/paraphrase-multilingual-mpnet-base-v2,condicional,apelido,1.0,1.0,1.0,1.0,100,2.1226232678183914
2022,multilíngue,sentence-transformers/paraphrase-multilingual-mpnet-base-v2,condicional,apelido+girias,0.98,1.0,1.0,0.99,100,2.1226232678183914
2022,multilíngue,sentence-transformers/paraphrase-multilingual-mpnet-base-v2,condicional,digitacao,0.97,1.0,1.0,0.9808333333333334,100,2.1226232678183914
2022,multilíngue,sentence-transformers/paraphrase-multilingual-mpnet-base-v2,condicional,girias,0.99,1.0,1.0,0.995,100,2.1226232678183914
2022,multilíngue,sentence-transformers/paraphrase-multilingual-mpnet-base-v2,condicional,negacao,0.64,0.94,0.99,0.7732698412698413,100,2.1226232678183914
2022,multilíngue,sentence-transformers/paraphrase-multilingual-mpnet-base-v2,condicional,parafrase_real,0.5588235294117647,0.8823529411764706,0.9705882352941176,0.7125127323656735,34,2.1226232678183914
2022,multilíngue,intfloat/multilingual-e5-base,bruta,apelido,1.0,1.0,1.0,1.0,100,2.294290901727731
2022,multilíngue,intfloat/multilingual-e5-base,bruta,apelido+girias,0.93,0.99,1.0,0.9547619047619048,100,2.294290901727731
2022,multilíngue,intfloat/multilingual-e5-base,bruta,digitacao,1.0,1.0,1.0,1.0,100,2.294290901727731
2022,multilíngue,intfloat/multilingual-e5-base,bruta,girias,0.94,1.0,1.0,0.9641666666666666,100,2.294290901727731
2022,multilíngue,intfloat/multilingual-e5-base,bruta,negacao,0.88,0.99,1.0,0.9251666666666667,100,2.294290901727731
2022,multilíngue,intfloat/multilingual-e5-base,bruta,parafrase_real,0.4411764705882353,0.8529411764705882,0.9411764705882353,0.6125127323656736,34,2.294290901727731
2022,multilíngue,intfloat/multilingual-e5-base,condicional,apelido,1.0,1.0,1.0,1.0,100,2.294290901727731
2022,multilíngue,intfloat/multilingual-e5-base,condicional,apelido+girias,1.0,1.0,1.0,1.0,100,2.294290901727731
2022,multilíngue,intfloat/multilingual-e5-base,condicional,digitacao,1.0,1.0,1.0,1.0,100,2.294290901727731
2022,multilíngue,intfloat/multilingual-e5-base,condicional,girias,0.98,1.0,1.0,0.99,100,2.294290901727731
2022,multilíngue,intfloat/multilingual-e5-base,condicional,negacao,0.88,0.99,1.0,0.9251666666666667,100,2.294290901727731
2022,multilíngue,intfloat/multilingual-e5-base,condicional,parafrase_real,0.4411764705882353,0.8529411764705882,0.9411764705882353,0.6125127323656736,34,2.294290901727731
2022,multilíngue,BAAI/bge-m3,bruta,apelido,1.0,1.0,1.0,1.0,100,6.558351602051935
2022,multilíngue,BAAI/bge-m3,bruta,apelido+girias,0.9,1.0,1.0,0.9425,100,6.558351602051935
2022,multilíngue,BAAI/bge-m3,bruta,digitacao,1.0,1.0,1.0,1.0,100,6.558351602051935
2022,multilíngue,BAAI/bge-m3,bruta,girias,0.92,1.0,1.0,0.9566666666666666,100,6.558351602051935
2022,multilíngue,BAAI/bge-m3,bruta,negacao,0.84,0.99,0.99,0.8998809523809522,100,6.558351602051935
2022,multilíngue,BAAI/bge-m3,bruta,parafrase_real,0.5294117647058824,0.8823529411764706,0.9411764705882353,0.6757720557028515,34,6.558351602051935
2022,multilíngue,BAAI/bge-m3,condicional,apelido,1.0,1.0,1.0,1.0,100,6.558351602051935
2022,multilíngue,BAAI/bge-m3,condicional,apelido+girias,1.0,1.0,1.0,1.0,100,6.558351602051935
2022,multilíngue,BAAI/bge-m3,condicional,digitacao,1.0,1.0,1.0,1.0,100,6.558351602051935
2022,multilíngue,BAAI/bge-m3,condicional,girias,0.99,1.0,1.0,0.995,100,6.558351602051935
2022,multilíngue,BAAI/bge-m3,condicional,negacao,0.84,0.99,0.99,0.8998809523809522,100,6.558351602051935
2022,multilíngue,BAAI/bge-m3,condicional,parafrase_real,0.5294117647058824,0.8823529411764706,0.9411764705882353,0.6757720557028515,34,6.558351602051935
2022,BERTimbau,neuralmind/bert-base-portuguese-cased,bruta,apelido,1.0,1.0,1.0,1.0,100,2.047083333693305
2022,BERTimbau,neuralmind/bert-base-portuguese-cased,bruta,apelido+girias,0.97,0.98,0.99,0.9767396593673965,100,2.047083333693305
2022,BERTimbau,neuralmind/bert-base-portuguese-cased,bruta,digitacao,0.99,1.0,1.0,0.995,100,2.047083333693305
2022,BERTimbau,neuralmind/bert-base-portuguese-cased,bruta,girias,0.96,0.99,0.99,0.9741666666666667,100,2.047083333693305
2022,BERTimbau,neuralmind/bert-base-portuguese-cased,bruta,negacao,0.94,0.99,0.99,0.9605555555555556,100,2.047083333693305
2022,BERTimbau,neuralmind/bert-base-portuguese-cased,bruta,parafrase_real,0.47058823529411764,0.7941176470588235,0.9117647058823529,0.6211964969405941,34,2.047083333693305
2022,BERTimbau,neuralmind/bert-base-portuguese-cased,condicional,apelido,1.0,1.0,1.0,1.0,100,2.047083333693305
2022,BERTimbau,neuralmind/bert-base-portuguese-cased,condicional,apelido+girias,1.0,1.0,1.0,1.0,100,2.047083333693305
2022,BERTimbau,neuralmind/bert-base-portuguese-cased,condicional,digitacao,0.99,1.0,1.0,0.995,100,2.047083333693305
2022,BERTimbau,neuralmind/bert-base-portuguese-cased,condicional,girias,1.0,1.0,1.0,1.0,100,2.047083333693305
2022,BERTimbau,neuralmind/bert-base-portuguese-cased,condicional,negacao,0.94,0.99,0.99,0.9605555555555556,100,2.047083333693305
2022,BERTimbau,neuralmind/bert-base-portuguese-cased,condicional,parafrase_real,0.47058823529411764,0.7941176470588235,0.9117647058823529,0.6211964969405941,34,2.047083333693305
2022,BERTimbau,rufimelo/bert-large-portuguese-cased-sts,bruta,apelido,0.99,1.0,1.0,0.995,100,7.050679647948607
2022,BERTimbau,rufimelo/bert-large-portuguese-cased-sts,bruta,apelido+girias,0.9,0.99,0.99,0.9379166666666666,100,7.050679647948607
2022,BERTimbau,rufimelo/bert-large-portuguese-cased-sts,bruta,digitacao,0.98,1.0,1.0,0.99,100,7.050679647948607
2022,BERTimbau,rufimelo/bert-large-portuguese-cased-sts,bruta,girias,0.97,1.0,1.0,0.9816666666666666,100,7.050679647948607
2022,BERTimbau,rufimelo/bert-large-portuguese-cased-sts,bruta,negacao,0.76,0.98,1.0,0.8544999999999999,100,7.050679647948607
2022,BERTimbau,rufimelo/bert-large-portuguese-cased-sts,bruta,parafrase_real,0.5294117647058824,0.8529411764705882,0.9411764705882353,0.6630907491201609,34,7.050679647948607
2022,BERTimbau,rufimelo/bert-large-portuguese-cased-sts,condicional,apelido,1.0,1.0,1.0,1.0,100,7.050679647948607
2022,BERTimbau,rufimelo/bert-large-portuguese-cased-sts,condicional,apelido+girias,0.99,1.0,1.0,0.995,100,7.050679647948607
2022,BERTimbau,rufimelo/bert-large-portuguese-cased-sts,condicional,digitacao,0.98,1.0,1.0,0.99,100,7.050679647948607
2022,BERTimbau,rufimelo/bert-large-portuguese-cased-sts,condicional,girias,1.0,1.0,1.0,1.0,100,7.050679647948607
2022,BERTimbau,rufimelo/bert-large-portuguese-cased-sts,condicional,negacao,0.76,0.98,1.0,0.8544999999999999,100,7.050679647948607
2022,BERTimbau,rufimelo/bert-large-portuguese-cased-sts,condicional,parafrase_real,0.5294117647058824,0.8529411764705882,0.9411764705882353,0.6630907491201609,34,7.050679647948607
