teste,modelo,recorte,auc,ece,brier,brier_skill,n,n_falsas,giria_media,giria_frac_acima_025
A,principal,tudo,0.8347,0.0496,0.1398,0.3166,1129,322.0000,,
A,principal,fakerecogna,0.8347,0.0496,0.1398,0.3166,1129,322.0000,,
A,lexica,tudo,0.8562,0.1264,0.1492,0.2705,1129,322.0000,,
A,lexica,fakerecogna,0.8562,0.1264,0.1492,0.2705,1129,322.0000,,
A,controle,tudo,0.9211,0.0450,0.0636,0.6892,1129,322.0000,,
A,controle,fakerecogna,0.9211,0.0450,0.0636,0.6892,1129,322.0000,,
A,principal,giria_falsas,,,,,867,,0.0973,0.0796
A,principal,giria_verdadeiras,,,,,426,,0.0504,0.0094
B,principal,tudo,0.6513,0.1885,0.2661,0.0280,3468,1330.0000,,
B,principal,central_de_fatos,0.5943,0.3468,0.1682,0.0672,413,410.0000,,
B,principal,fakerecogna,0.6484,0.2562,0.2793,0.0246,3055,920.0000,,
B,lexica,tudo,0.6904,0.1871,0.2469,0.0982,3468,1330.0000,,
B,lexica,central_de_fatos,0.6024,0.3440,0.1487,0.1753,413,410.0000,,
B,lexica,fakerecogna,0.6838,0.2589,0.2601,0.0916,3055,920.0000,,
B,controle,tudo,0.8585,0.1636,0.1431,0.4773,3468,1330.0000,,
B,controle,central_de_fatos,0.8902,0.1709,0.1135,0.3704,413,410.0000,,
B,controle,fakerecogna,0.7959,0.1626,0.1471,0.4864,3055,920.0000,,
B,principal,giria_falsas,,,,,866,,0.0887,0.0497
B,principal,giria_verdadeiras,,,,,429,,0.0938,0.0699
