origem,ano,is_fake,n,teste,lado,sha256
fakerecogna,2020,False,1328,A,treino,aac6e6955c8ba992d0082bfb1d8651a8bb2cc548c0e2d275e62d431a9fd8504b
fakerecogna,2020,True,598,A,treino,aac6e6955c8ba992d0082bfb1d8651a8bb2cc548c0e2d275e62d431a9fd8504b
fakerecogna,2021,False,807,A,avaliacao,173b951b207482bb8f786b0497d328dee83f2d4a7854a9c6fed6fc626f83f25e
fakerecogna,2021,True,322,A,avaliacao,173b951b207482bb8f786b0497d328dee83f2d4a7854a9c6fed6fc626f83f25e
central_de_fatos,2013,True,9,B,treino,7c044f5f61a19dcba83ac5661b1ae9acc648c65d28664edaf444c228de0a5038
central_de_fatos,2014,True,28,B,treino,7c044f5f61a19dcba83ac5661b1ae9acc648c65d28664edaf444c228de0a5038
central_de_fatos,2015,True,59,B,treino,7c044f5f61a19dcba83ac5661b1ae9acc648c65d28664edaf444c228de0a5038
central_de_fatos,2016,True,172,B,treino,7c044f5f61a19dcba83ac5661b1ae9acc648c65d28664edaf444c228de0a5038
central_de_fatos,2017,True,184,B,treino,7c044f5f61a19dcba83ac5661b1ae9acc648c65d28664edaf444c228de0a5038
central_de_fatos,2018,False,3,B,treino,7c044f5f61a19dcba83ac5661b1ae9acc648c65d28664edaf444c228de0a5038
central_de_fatos,2018,True,410,B,treino,7c044f5f61a19dcba83ac5661b1ae9acc648c65d28664edaf444c228de0a5038
fakebr,2016,False,191,B,treino,7c044f5f61a19dcba83ac5661b1ae9acc648c65d28664edaf444c228de0a5038
fakebr,2016,True,1088,B,treino,7c044f5f61a19dcba83ac5661b1ae9acc648c65d28664edaf444c228de0a5038
fakebr,2017,False,1224,B,treino,7c044f5f61a19dcba83ac5661b1ae9acc648c65d28664edaf444c228de0a5038
fakebr,2017,True,781,B,treino,7c044f5f61a19dcba83ac5661b1ae9acc648c65d28664edaf444c228de0a5038
fakebr,2018,False,638,B,treino,7c044f5f61a19dcba83ac5661b1ae9acc648c65d28664edaf444c228de0a5038
fakebr,2018,True,70,B,treino,7c044f5f61a19dcba83ac5661b1ae9acc648c65d28664edaf444c228de0a5038
central_de_fatos,2020,False,3,B,avaliacao,0b269a117b504d3437fc6f787687a4111cf775d351c9f894ade01cf3fa6807a2
central_de_fatos,2020,True,323,B,avaliacao,0b269a117b504d3437fc6f787687a4111cf775d351c9f894ade01cf3fa6807a2
central_de_fatos,2021,True,87,B,avaliacao,0b269a117b504d3437fc6f787687a4111cf775d351c9f894ade01cf3fa6807a2
fakerecogna,2020,False,1328,B,avaliacao,0b269a117b504d3437fc6f787687a4111cf775d351c9f894ade01cf3fa6807a2
fakerecogna,2020,True,598,B,avaliacao,0b269a117b504d3437fc6f787687a4111cf775d351c9f894ade01cf3fa6807a2
fakerecogna,2021,False,807,B,avaliacao,0b269a117b504d3437fc6f787687a4111cf775d351c9f894ade01cf3fa6807a2
fakerecogna,2021,True,322,B,avaliacao,0b269a117b504d3437fc6f787687a4111cf775d351c9f894ade01cf3fa6807a2
