min_cluster_size,min_samples,n_clusters,ruido_%,maior_cluster_%,silhouette
5,1,164,18.682505399568033,1.7278617710583153,0.11392377316951752
5,3,143,20.896328293736502,2.429805615550756,0.11875855922698975
5,5,116,28.88768898488121,2.6457883369330455,0.11514446884393692
8,1,83,23.704103671706264,4.481641468682505,0.07449700683355331
8,3,83,27.32181425485961,4.211663066954643,0.08502304553985596
8,5,64,31.047516198704106,3.509719222462203,0.08667835593223572
15,1,34,18.84449244060475,10.097192224622031,0.036646563559770584
15,3,24,15.766738660907128,25.323974082073434,0.029429249465465546
15,5,18,15.982721382289416,25.053995680345572,0.052324242889881134
25,1,12,16.630669546436287,26.997840172786177,0.054889846593141556
25,3,5,2.915766738660907,35.1511879049676,0.1264096349477768
25,5,5,3.131749460043196,35.1511879049676,0.12720298767089844
