consulta_id,alvo,consulta,ok
394,"Certidões eleitorais de Lula no TRF1 não foram alteradas, elas se referem a instâncias diferentes",Certidões eleitorais de Lula no TRF1 foram alteradas,
306,Maiara e Maraisa não gritaram ‘fora Bolsonaro’ nem deixaram palco sob vaias,Maiara e Maraisa gritaram ‘fora Bolsonaro’ nem deixaram palco sob vaias,
372,IBGE não utiliza celular com urna eletrônica para roubar biometria e dados de eleitores,IBGE utiliza celular com urna eletrônica para roubar biometria e dados de eleitores,
310,Áudios golpistas atribuídos a Tarcísio de Freitas não foram gravados por ele,Áudios golpistas atribuídos a Tarcísio de Freitas foram gravados por ele,
312,"Viúva de Che Guevara não poderia receber aposentadoria no Brasil, ao contrário do viralizado",Viúva de Che Guevara poderia receber aposentadoria no Brasil,
380,"Lula não está internado no Sírio-Libanês, nem sofreu AVC ou infarto",Lula está internado no Sírio-Libanês,
370,Afirmação de eleitor de Pacajá (PA) sobre resultados que não estariam batendo com número de votos é falsa,Afirmação de eleitor de Pacajá (PA) sobre resultados que estariam batendo com número de votos é falsa,
309,"Simone Tebet não disse que vai ""tirar dinheiro dos pobres""","Simone Tebet disse que vai ""tirar dinheiro dos pobres""",
360,Exército não interferiu na apuração dos votos no primeiro turno das Eleições Gerais de 2022,Exército interferiu na apuração dos votos no primeiro turno das Eleições Gerais de 2022,
364,"Gráfico em vídeo que aponta 55% para Bolsonaro não é falha do TSE, mas resultado no Paraná",Gráfico em vídeo que aponta 55% para Bolsonaro é falha do TSE,
340,Vídeo de casamento gay não mostra 'indicado de Lula' para direção da PRF,Vídeo de casamento gay mostra 'indicado de Lula' para direção da PRF,
385,Panfleto com supostas propostas de Lula não é oficial e traz informações falsas,Panfleto com supostas propostas de Lula é oficial e traz informações falsas,
386,Governo do Espírito Santo não impediu navio com diesel russo de atracar em portos do estado,Governo do Espírito Santo impediu navio com diesel russo de atracar em portos do estado,
363,Eleitor não votou duas vezes; vídeo feito por mesária de Rio Branco (AC) é desinformação,Eleitor votou duas vezes,
353,Mulher em vídeo viral não é funcionária do TSE e falhas apontadas foram corrigidas,Mulher em vídeo viral é funcionária do TSE e falhas apontadas foram corrigidas,
318,Bolsonaro não postou direito de resposta a Lula sobre Auxílio Brasil,Bolsonaro postou direito de resposta a Lula sobre Auxílio Brasil,
397,Vídeo de 2018 em que Bolsonaro oferece capim a eleitores não menciona NE,Vídeo de 2018 em que Bolsonaro oferece capim a eleitores menciona NE,
362,Torcida não gritou que Lula é ladrão durante a abertura da Copa,Torcida gritou que Lula é ladrão durante a abertura da Copa,
325,Smartmatic não fornece urnas eletrônicas e nem tem acesso a softwares utilizados nas eleições 2022,Smartmatic fornece urnas eletrônicas e nem tem acesso a softwares utilizados nas eleições 2022,
376,G1 não publicou notícia de que rainha Elizabeth II elogiou Bolsonaro antes de morrer,G1 publicou notícia de que rainha Elizabeth II elogiou Bolsonaro antes de morrer,
