id_teste,tipo,esperado,texto,s_topo,alegacao_topo,negacao_diverge_topo,posicao_certa,s_certa,alvo_ausente,faixa_topo
1,controle_falso_positivo,sem_match,VÍDEO: pode beber no dia da eleição? Não há uma proibição nacional para venda ou consumo de bebidas alcoólicas no dia da eleição,0.5672472715377808,Fazer propaganda eleitoral no dia da eleição é crime,True,,,False,baixa
2,controle_falso_positivo,sem_match,Datafolha divulga nova pesquisa eleitoral para presidente nesta quinta (24),0.7787379026412964,Datafolha faz pesquisa online sobre o 2º turno das eleições,False,,,False,relacionada
3,controle_falso_positivo,sem_match,"Violência é o maior problema do RJ para 62%, aponta Quaest",0.5485585927963257,"Violência no campo caiu, como disse Bolsonaro na RedeTv",False,,,False,baixa
4,controle_falso_positivo,sem_match,"Quaest no DF: 46% temem novo mandato de Lula, e 39%, volta da família Bolsonaro ao poder",0.7172412276268005,Média de percentuais de votos por região mostre Bolsonaro à frente de Lula,False,,,False,baixa
5,controle_falso_positivo,sem_match,Lula diz que vai acabar com bets e que clubes precisam aprender a viver sem,0.6428796052932739,Lula pode perder candidatura,False,,,False,baixa
6,controle_falso_positivo,sem_match,Lula compara discurso na ONU ao de Trump e diz que presidente dos EUA fala como se estivesse ameaçando todo mundo,0.7192865014076233,Obama tira sarro do grampo em Lula durante palestra,False,,,False,baixa
7,controle_falso_positivo,sem_match,PT pede ao STF abertura de inquérito por suposta interferência estrangeira na eleição,0.5937408804893494,Ofício do Ministério da Defesa que pede ‘contraprova’ ao TSE por ‘fraude’ nas urnas eletrônicas,False,,,False,baixa
8,controle_falso_positivo,sem_match,Flávio Bolsonaro defende novo programa contra dívidas dos brasileiros e critica ausência do Brasil no Escudo das Américas,0.7339746356010437,"Matéria do JN sobre redução do Auxílio Brasil fala de proposta do governo Bolsonaro, não de Lula",True,,,False,baixa
9,controle_falso_positivo,sem_match,"Flávio usou jatinho de Vorcaro em viagem dos EUA ao Brasil, diz revista",0.6243037581443787,Jornalista Guga Chacra disse ter nojo do Brasil,False,,,False,baixa
10,controle_falso_positivo,sem_match,"Possível reforma do Judiciário deve incluir precatórios, diz especialista",0.5341469049453735,Erro de Moraes: diferença entre homens e mulheres continua grande na magistratura,False,,,False,baixa
11,controle_falso_positivo,sem_match,Análise: Postagem de Messias sobre precatórios é instrumentalizada,0.6981008648872375,Som de trombetas no céu de Jerusalém anuncia volta de Jesus,False,,,False,baixa
12,controle_falso_positivo,sem_match,"Queremos eleições livres no Brasil, diz porta-voz dos EUA à CNN Brasil",0.6980904340744019,Tuíte sobre pesquisa para eleições presidenciais de 2022 da CNN Brasil,False,,,False,baixa
13,controle_falso_positivo,sem_match,Governo busca respaldo jurídico por MP com veto a bets e cassinos on-line,0.5144428014755249,Mobilização do dia 15/03 na internet deixa poderosos do Congresso e Judiciário preocupados,False,,,False,baixa
14,controle_falso_positivo,sem_match,Governo vê acordo do Escudo das Américas como porta para militarização,0.5675975680351257,"Se o governo não resolver greve dos caminhoneiros, haverá intervenção militar",True,,,False,baixa
15,controle_falso_positivo,sem_match,Flávio pede ao STF investigação contra Lula por suposto presente de Vorcaro,0.7448564171791077,STF envia inquérito de Lula para Sérgio Moro,False,,,False,baixa
16,controle_falso_positivo,sem_match,PF desmarca novo depoimento de Vorcaro,0.5331922769546509,PCC divulga nota de repúdio após PF citar ligação entre PT e facção,False,,,False,baixa
17,controle_falso_positivo,sem_match,"Empresário delator que financiou Dark Horse movimentou R$ 1,2 mi em espécie",0.48231053352355957,Carrefour dá vale-compras grátis de R$ 1.500,False,,,False,baixa
18,controle_falso_positivo,sem_match,"Do INSS ao Master, Flávio voou no jato de Vorcaro com escândalos na mala",0.5749001502990723,Moro afastou promotor que investigava Flávio Bolsonaro e delegado do caso Marielle,False,,,False,baixa
19,controle_falso_positivo,sem_match,Caiado pede para Flávio explicar o inexplicável em relação com Vorcaro,0.6258788108825684,Print de conversa entre Moro e Dallagnol sobre sentença de Lula,False,,,False,baixa
20,controle_falso_positivo,sem_match,"RealTime Big Data: Flávio Bolsonaro tem 45%, contra 44% de Lula no 2º turno",0.7497352957725525,Pesquisa Ipec mostra Bolsonaro na frente de Lula com 46% no JN,False,,,False,baixa
21,controle_falso_positivo,sem_match,Flávio promete incluir Brasil no Escudo das Américas,0.676508903503418,André Rieu manda recado para o Brasil e pede intervenção militar,False,,,False,baixa
22,controle_falso_positivo,sem_match,"Lula, Tarcísio e Haddad lideram gastos com impulsionamento; veja ranking",0.6460965871810913,Banqueiros definem apoio a Lula em troca da revogação do Pix,False,,,False,baixa
23,controle_falso_positivo,sem_match,"Do jatinho aos R$ 130 milhões, Flávio e Moraes são irmãos em Vorcaro",0.6077307462692261,Filho de Lula comprou ilha em Angra dos Reis de Luciano Huck,False,,,False,baixa
24,controle_falso_positivo,sem_match,"Em evento com artistas, Lula promete acabar com as bets no país",0.7542708516120911,Lula disse que vai acabar com o Pix,False,,,False,baixa
25,controle_falso_positivo,sem_match,"Flávio Bolsonaro viajou dos EUA ao Brasil em 2025 em jato de Vorcaro, diz revista",0.7300919890403748,Carlos Bolsonaro mora em Brasília apesar de ser candidato no Rio de Janeiro,False,,,False,baixa
26,controle_falso_positivo,sem_match,Zanin nega pedido para determinar instalação de CPI do Banco Master,0.5077368021011353,Banco Central proíbe rede bancária de receber notas com carimbo Lula Livre,False,,,False,baixa
27,controle_falso_positivo,sem_match,"Ato de Lula com artistas no RJ tem apelos contra bets, ataque a Trump e vaia a aliado",0.7081471681594849,Vídeo que mostra Lula supostamente xingando apoiadores,False,,,False,baixa
28,controle_falso_positivo,sem_match,"Avanço de Flávio Bolsonaro faz Lula reavaliar estratégia, e presidente deve ir a debate da Globo",0.7104064226150513,Vídeo em que Lula pede votos para Bolsonaro,False,,,False,baixa
29,controle_falso_positivo,sem_match,Série mostra danos ao ambiente sob impulso de emendas parlamentares,0.5109503269195557,Lei de Reforma do Congresso de 2013 é uma PEC,False,,,False,baixa
30,controle_falso_positivo,sem_match,TSE manda Instagram retirar vídeo que associa Flávio Bolsonaro ao Master,0.818930447101593,Vídeo explícito postado por Bolsonaro no Twitter tenha sido gravado no exterior,False,,,False,relacionada
31,controle_falso_positivo,sem_match,Visita de Lula a Pernambuco coloca em dúvida apoio de Lyra a ele em eventual segundo turno,0.673198401927948,Exaltasamba foi expulso de palco no RJ por apoiar Lula,False,,,False,baixa
32,controle_falso_positivo,sem_match,PF confirma apreensão de valores não declarados em operação recente,0.5637856125831604,Calendário de saque do FGTS inativo 2017 é confirmado,True,,,False,baixa
33,giria,match_confirmado,vcs viram no zap q os banqueiros fecharao apoio c o lula pra tirar o pix??,0.5476875901222229,"Aperte “cancelar” duas vezes antes de usar caixa eletrônico, diz banqueiro",False,36.0,0.39290937781333923,False,baixa
34,giria,match_confirmado,genteee o pessoal do ibge ta passando c celular pra roubar a biometria d qm vota no bolsonaro slk,0.7943779826164246,IBGE tem celular com urna eletrônica para roubar biometria de eleitores de Bolsonaro,False,1.0,0.7943779826164246,False,relacionada
35,giria,match_confirmado,"povo do zap ta falando q a vera magalhaes ganha 500k por mes na tv cultura, e mole??",0.5995867252349854,Salário de Vera Magalhães na TV Cultura é de R$ 500 mil,False,1.0,0.5995867252349854,False,baixa
36,giria,match_confirmado,"lojas renner fechou c o pt pra apoiar o lula nas eleicao, ces tao sabendo??",0.5084803104400635,Pneu que não fura é vendido no Japão e decreta o fim dos borracheiros,True,4271.0,0.13394293189048767,False,baixa
37,giria,match_confirmado,anitta pulou do barco e cancelou o apoio ao lula no zap kkkkk,0.565437376499176,Anitta retira apoio à candidatura de Lula e pula do barco,False,1.0,0.565437376499176,False,baixa
38,giria,match_confirmado,"lula falou em discurso q o agronegocio tem q sumir da terra, vcs viram??",0.5777112245559692,Boulos usa dado inexistente ao criticar desmatamento para agronegócio,False,5.0,0.56089186668396,False,baixa
39,apelido,match_confirmado,Xandão recebeu 60 milhas do Molusco para fraudar o sistema das urnas,0.8832412362098694,Alexandre de Moraes recebeu R$ 60 milhões de Lula para fraudar urnas nas eleições,False,1.0,0.8832412362098694,False,ja_checado
40,apelido,match_confirmado,A cantora pop cancelou o apoio ao Luladrão e pulou do barco,0.7165889739990234,Grupo Exaltasamba foi expulso de palco por apoiar Lula,False,2.0,0.7065718173980713,False,baixa
41,apelido,match_confirmado,Trio do STF quer impugnar o Mito após pesquisa secreta do PT,0.8928841948509216,Trio do STF quer impugnar Bolsonaro após pesquisa do PT mostrar 62% de intenção de votos do presidente,False,1.0,0.8928841948509216,False,ja_checado
42,apelido,match_confirmado,Museu Imperial apagou o nome do Bolso para prejudicar a campanha,0.7603455185890198,Museu Imperial oculta o nome do governo em guia de visitação para prejudicar Bolsonaro,False,1.0,0.7603455185890198,False,relacionada
43,apelido,match_confirmado,Xandão e a CIA americana se uniram para alterar os votos nas urnas,0.6347740292549133,Ministro Alexandre de Moraes tenha sido intimado por militares sobre fraude nas eleições,False,89.0,0.48590797185897827,False,baixa
44,apelido,match_confirmado,Molusco discursou afirmando que o agronegócio tem que acabar,0.7774124145507812,Lula diz que agronegócio deve ser eliminado da Terra,False,1.0,0.7774124145507812,False,relacionada
45,erro_ortografico,match_confirmado,Tarcisio de Freita forjo atentado em Paraisopolis pra encriminar o PT,0.9173585176467896,Tarcísio de Freitas forjou atentado em Paraisópolis para incriminar PT e Haddad,False,1.0,0.9173585176467896,False,ja_checado
46,erro_ortografico,match_confirmado,Salario da Vera Magalhaes na TV Cultra eh de 500 mil reias mensai,0.784296989440918,Salário de Vera Magalhães na TV Cultura é de R$ 500 mil,False,1.0,0.784296989440918,False,relacionada
47,erro_ortografico,match_confirmado,Rener declara apoiol a Lula e fes parceria com PT,0.8633869290351868,Renner declara apoio a Lula e fecha parceria com o PT,False,1.0,0.8633869290351868,False,ja_checado
48,erro_ortografico,match_confirmado,Banqueiro definem apoiu a Lula em troka da revogacao do Pix,0.6863685846328735,Banqueiros definem apoio a Lula em troca da revogação do Pix,False,1.0,0.6863685846328735,False,baixa
49,erro_ortografico,match_confirmado,IBGE tem selular com urna eletroica pra rouba biometria,0.7109277844429016,IBGE tem celular com urna eletrônica para roubar biometria de eleitores de Bolsonaro,False,1.0,0.7109277844429016,False,baixa
50,erro_ortografico,match_confirmado,Lula dis que agronegocio deue ser eliminada da Tera,0.8020032048225403,Lula diz que agronegócio deve ser eliminado da Terra,False,1.0,0.8020032048225403,False,relacionada
51,negacao,sem_match,Lula NÃO prometeu acabar com o Pix em reunião com banqueiros.,0.8575707077980042,Lula não disse que vai rever ou acabar com o PIX,False,89.0,0.5762961506843567,False,relacionada
52,negacao,sem_match,A rede de lojas Renner NÃO declarou apoio oficial ao PT nem fechou parceria.,0.6448556184768677,TSE não trocou empresa responsável pela divulgação da apuração,False,10.0,0.5202822089195251,False,baixa
53,negacao,sem_match,Anitta NÃO retirou o apoio à candidatura nem mudou de lado.,0.5857807397842407,Damares não cancelou indenizações de anistiados políticos,False,13.0,0.5274906754493713,False,baixa
54,negacao,sem_match,A TV Cultura confirmou que o salário de Vera Magalhães NÃO é de R$ 500 mil.,0.6559342741966248,Salário anual de Vera Magalhães na TV Cultura não é de R$ 500 mil; é de quase metade desse valor,False,7.0,0.5566929578781128,False,baixa
55,negacao,sem_match,Lula NÃO declarou em entrevista que o agronegócio deve ser eliminado.,0.8023542761802673,Lula não disse que irá colocar ‘caminhoneiros em seu devido lugar’,False,56.0,0.6279315948486328,False,relacionada
56,negacao,sem_match,O Museu Imperial NÃO ocultou o nome do governo federal nos guias.,0.5767077803611755,Museu Imperial oculta o nome do governo em guia de visitação para prejudicar Bolsonaro,True,1.0,0.5767077803611755,False,baixa
57,recorrencia_temporal,match_provavel,Trio do STF quer impugnar candidatura para a eleição de 2026 após pesquisa do PT,0.5868617296218872,STM lança decreto em que declara invalidade das eleições por conta de fraude nas urnas,False,21.0,0.5040918588638306,False,baixa
58,recorrencia_temporal,match_provavel,Pesquisa indica que salário da jornalista na TV Cultura continua sendo R$ 500 mil nestas eleições,0.7905411124229431,Jornalista Vera Magalhães ganha R$ 500 mil ao ano da TV Cultura,False,4.0,0.6643266677856445,False,relacionada
59,recorrencia_temporal,match_provavel,Banqueiros voltam a cobrar revogação do Pix para apoiar candidatura em 2026,0.5863316655158997,Banqueiros definem apoio a Lula em troca da revogação do Pix,False,1.0,0.5863316655158997,False,baixa
60,recorrencia_temporal,match_provavel,Agentes do IBGE são acusados de usar celular-urna nas eleições deste ano,0.6288717985153198,IBGE tem celular com urna eletrônica para roubar biometria de eleitores de Bolsonaro,False,1.0,0.6288717985153198,False,baixa
61,recorrencia_temporal,match_provavel,Lojas Renner renovam parceria e apoio político para a campanha de 2026,0.5476619005203247,Rede de Lojas Renner fechou parceria com o PT e declarou apoio a Lula,False,3.0,0.5059797763824463,False,baixa
62,recorrencia_temporal,match_provavel,Caso do atentado de Paraisópolis volta a ser usado em embates eleitorais de 2026,0.6069350242614746,Eleições 2014: divulgado o escândalo que todo mundo suspeitava,False,15.0,0.5685752034187317,False,baixa
